team_number,team_members,team_score,team_familiarity_score,over_all_team_rating
0,"('Briana Mastel', 'Jillian Dempsey', 'Mallory Souliotis', 'McKenna Brand', 'Tereza Vanisova')",23.392445,3.316698337,24.05578467
1,"('Briana Mastel', 'Jillian Dempsey', 'Mallory Souliotis', 'McKenna Brand', 'Shiann Darkangelo')",24.331405,1.953924166,24.72218983
2,"('Briana Mastel', 'Jillian Dempsey', 'Mallory Souliotis', 'Tereza Vanisova', 'Taylor Woods')",23.24957,1.766682141,23.60290643
3,"('Briana Mastel', 'Jillian Dempsey', 'Mallory Souliotis', 'Shiann Darkangelo', 'Taylor Woods')",24.18853,1.143211861,24.41717237
4,"('Briana Mastel', 'Jillian Dempsey', 'McKenna Brand', 'Tereza Vanisova', 'Leila Kilduff')",21.607425,2.033748918,22.01417478
5,"('Briana Mastel', 'Jillian Dempsey', 'McKenna Brand', 'Leila Kilduff', 'Shiann Darkangelo')",22.546385,1.053222222,22.75702944
6,"('Briana Mastel', 'Jillian Dempsey', 'McKenna Brand', 'Brooke White', 'Taylor Woods')",20.58239,1.053222222,20.79303444
7,"('Briana Mastel', 'Jillian Dempsey', 'Tereza Vanisova', 'Leila Kilduff', 'Taylor Woods')",21.46455,0.873510101,21.63925202
8,"('Briana Mastel', 'Jillian Dempsey', 'Leila Kilduff', 'Shiann Darkangelo', 'Taylor Woods')",22.40351,0.632287296,22.52996746
9,"('Jenna Rheault', 'Jillian Dempsey', 'Mallory Souliotis', 'McKenna Brand', 'Tereza Vanisova')",21.690255,2.684274094,22.22710982
10,"('Jenna Rheault', 'Jillian Dempsey', 'Mallory Souliotis', 'McKenna Brand', 'Shiann Darkangelo')",22.629215,1.532522651,22.93571953
11,"('Jenna Rheault', 'Jillian Dempsey', 'Mallory Souliotis', 'Tereza Vanisova', 'Taylor Woods')",21.54738,1.225343757,21.79244875
12,"('Jenna Rheault', 'Jillian Dempsey', 'Mallory Souliotis', 'Shiann Darkangelo', 'Taylor Woods')",22.48634,0.812896205,22.64891924
13,"('Jenna Rheault', 'Jillian Dempsey', 'McKenna Brand', 'Tereza Vanisova', 'Leila Kilduff')",19.905235,1.557688312,20.21677266
14,"('Jenna Rheault', 'Jillian Dempsey', 'McKenna Brand', 'Leila Kilduff', 'Shiann Darkangelo')",20.844195,0.788184343,21.00183187
15,"('Jenna Rheault', 'Jillian Dempsey', 'McKenna Brand', 'Brooke White', 'Taylor Woods')",18.8802,0.788184343,19.03783687
16,"('Jenna Rheault', 'Jillian Dempsey', 'Tereza Vanisova', 'Leila Kilduff', 'Taylor Woods')",19.76236,0.488535354,19.86006707
17,"('Jenna Rheault', 'Jillian Dempsey', 'Leila Kilduff', 'Shiann Darkangelo', 'Taylor Woods')",20.70132,0.458335276,20.79298706
18,"('Jillian Dempsey', 'Kaleigh Fratkin', 'Lexie Laing', 'Mallory Souliotis', 'McKenna Brand')",25.41769,4.529724653,26.32363493
19,"('Jillian Dempsey', 'Kaleigh Fratkin', 'Lexie Laing', 'Mallory Souliotis', 'Taylor Woods')",25.274815,2.337410477,25.7422971
20,"('Jillian Dempsey', 'Kaleigh Fratkin', 'Lexie Laing', 'McKenna Brand', 'Leila Kilduff')",23.63267,2.610032809,24.15467656
21,"('Jillian Dempsey', 'Kaleigh Fratkin', 'Lexie Laing', 'Leila Kilduff', 'Taylor Woods')",23.489795,0.807496013,23.6512942
22,"('Jillian Dempsey', 'Kaleigh Fratkin', 'Mallory Souliotis', 'McKenna Brand', 'Tereza Vanisova')",25.972015,5.012369757,26.97448895
23,"('Jillian Dempsey', 'Kaleigh Fratkin', 'Mallory Souliotis', 'McKenna Brand', 'Tori Sullivan')",24.621535,4.507989823,25.52313296
24,"('Jillian Dempsey', 'Kaleigh Fratkin', 'Mallory Souliotis', 'McKenna Brand', 'Jordan Juron')",25.81837,3.547219621,26.52781392
25,"('Jillian Dempsey', 'Kaleigh Fratkin', 'Mallory Souliotis', 'McKenna Brand', 'Meghan Lorence')",25.447215,3.547219621,26.15665892
26,"('Jillian Dempsey', 'Kaleigh Fratkin', 'Mallory Souliotis', 'McKenna Brand', 'Sara Bustad')",23.955485,3.547219621,24.66492892
27,"('Jillian Dempsey', 'Kaleigh Fratkin', 'Mallory Souliotis', 'McKenna Brand', 'Sarah-Eve Coutu Godbout')",25.72977,3.547219621,26.43921392
28,"('Jillian Dempsey', 'Kaleigh Fratkin', 'Mallory Souliotis', 'McKenna Brand', 'Shiann Darkangelo')",26.910975,3.547219621,27.62041892
29,"('Jillian Dempsey', 'Kaleigh Fratkin', 'Mallory Souliotis', 'Samantha Davis', 'Tereza Vanisova')",25.510915,4.71132009,26.45317902
30,"('Jillian Dempsey', 'Kaleigh Fratkin', 'Mallory Souliotis', 'Samantha Davis', 'Shiann Darkangelo')",26.449875,2.890408771,27.02795675
31,"('Jillian Dempsey', 'Kaleigh Fratkin', 'Mallory Souliotis', 'Tereza Vanisova', 'Autumn MacDougall')",24.411985,2.813351036,24.97465521
32,"('Jillian Dempsey', 'Kaleigh Fratkin', 'Mallory Souliotis', 'Tereza Vanisova', 'Cailey Hutchison')",23.278875,2.813351036,23.84154521
33,"('Jillian Dempsey', 'Kaleigh Fratkin', 'Mallory Souliotis', 'Tereza Vanisova', 'Audra Richards')",23.831785,2.813351036,24.39445521
34,"('Jillian Dempsey', 'Kaleigh Fratkin', 'Mallory Souliotis', 'Tereza Vanisova', 'Mikyla Grant-Mentis')",26.462535,2.813351036,27.02520521
35,"('Jillian Dempsey', 'Kaleigh Fratkin', 'Mallory Souliotis', 'Tereza Vanisova', 'Taylor Woods')",25.82914,2.813351036,26.39181021
36,"('Jillian Dempsey', 'Kaleigh Fratkin', 'Mallory Souliotis', 'Tori Sullivan', 'Taylor Woods')",24.47866,2.594800828,24.99762017
37,"('Jillian Dempsey', 'Kaleigh Fratkin', 'Mallory Souliotis', 'Autumn MacDougall', 'Shiann Darkangelo')",25.350945,1.634030626,25.67775113
38,"('Jillian Dempsey', 'Kaleigh Fratkin', 'Mallory Souliotis', 'Jordan Juron', 'Taylor Woods')",25.675495,1.634030626,26.00230113
39,"('Jillian Dempsey', 'Kaleigh Fratkin', 'Mallory Souliotis', 'Cailey Hutchison', 'Shiann Darkangelo')",24.217835,1.634030626,24.54464113
40,"('Jillian Dempsey', 'Kaleigh Fratkin', 'Mallory Souliotis', 'Audra Richards', 'Shiann Darkangelo')",24.770745,1.634030626,25.09755113
41,"('Jillian Dempsey', 'Kaleigh Fratkin', 'Mallory Souliotis', 'Meghan Lorence', 'Taylor Woods')",25.30434,1.634030626,25.63114613
42,"('Jillian Dempsey', 'Kaleigh Fratkin', 'Mallory Souliotis', 'Sara Bustad', 'Taylor Woods')",23.81261,1.634030626,24.13941613
43,"('Jillian Dempsey', 'Kaleigh Fratkin', 'Mallory Souliotis', 'Mikyla Grant-Mentis', 'Shiann Darkangelo')",27.401495,2.05652914,27.81280083
44,"('Jillian Dempsey', 'Kaleigh Fratkin', 'Mallory Souliotis', 'Sarah-Eve Coutu Godbout', 'Taylor Woods')",25.586895,2.053557141,25.99760643
45,"('Jillian Dempsey', 'Kaleigh Fratkin', 'Mallory Souliotis', 'Shiann Darkangelo', 'Taylor Woods')",26.7681,2.087504791,27.18560096
46,"('Jillian Dempsey', 'Kaleigh Fratkin', 'McKenna Brand', 'Samantha Davis', 'Brooke White')",22.843735,3.028088823,23.44935276
47,"('Jillian Dempsey', 'Kaleigh Fratkin', 'McKenna Brand', 'Tereza Vanisova', 'Leila Kilduff')",24.186995,2.984786499,24.7839523
48,"('Jillian Dempsey', 'Kaleigh Fratkin', 'McKenna Brand', 'Tori Sullivan', 'Leila Kilduff')",22.836515,2.407073232,23.31792965
49,"('Jillian Dempsey', 'Kaleigh Fratkin', 'McKenna Brand', 'Autumn MacDougall', 'Brooke White')",21.744805,1.901883838,22.12518177
50,"('Jillian Dempsey', 'Kaleigh Fratkin', 'McKenna Brand', 'Jordan Juron', 'Leila Kilduff')",24.03335,1.901883838,24.41372677
51,"('Jillian Dempsey', 'Kaleigh Fratkin', 'McKenna Brand', 'Cailey Hutchison', 'Brooke White')",20.611695,1.901883838,20.99207177
52,"('Jillian Dempsey', 'Kaleigh Fratkin', 'McKenna Brand', 'Leila Kilduff', 'Meghan Lorence')",23.662195,1.901883838,24.04257177
53,"('Jillian Dempsey', 'Kaleigh Fratkin', 'McKenna Brand', 'Leila Kilduff', 'Sara Bustad')",22.170465,1.901883838,22.55084177
54,"('Jillian Dempsey', 'Kaleigh Fratkin', 'McKenna Brand', 'Leila Kilduff', 'Sarah-Eve Coutu Godbout')",23.94475,1.901883838,24.32512677
55,"('Jillian Dempsey', 'Kaleigh Fratkin', 'McKenna Brand', 'Leila Kilduff', 'Shiann Darkangelo')",25.125955,1.901883838,25.50633177
56,"('Jillian Dempsey', 'Kaleigh Fratkin', 'McKenna Brand', 'Audra Richards', 'Brooke White')",21.164605,2.016921717,21.56798934
57,"('Jillian Dempsey', 'Kaleigh Fratkin', 'McKenna Brand', 'Brooke White', 'Mikyla Grant-Mentis')",23.795355,1.901883838,24.17573177
58,"('Jillian Dempsey', 'Kaleigh Fratkin', 'McKenna Brand', 'Brooke White', 'Taylor Woods')",23.16196,1.901883838,23.54233677
59,"('Jillian Dempsey', 'Kaleigh Fratkin', 'Samantha Davis', 'Tereza Vanisova', 'Leila Kilduff')",23.725895,2.673214789,24.26053796
60,"('Jillian Dempsey', 'Kaleigh Fratkin', 'Samantha Davis', 'Leila Kilduff', 'Shiann Darkangelo')",24.664855,1.234550944,24.91176519
61,"('Jillian Dempsey', 'Kaleigh Fratkin', 'Samantha Davis', 'Brooke White', 'Taylor Woods')",22.70086,1.234550944,22.94777019
62,"('Jillian Dempsey', 'Kaleigh Fratkin', 'Tereza Vanisova', 'Autumn MacDougall', 'Leila Kilduff')",22.626965,1.175545157,22.86207403
63,"('Jillian Dempsey', 'Kaleigh Fratkin', 'Tereza Vanisova', 'Cailey Hutchison', 'Leila Kilduff')",21.493855,1.493133541,21.79248171
64,"('Jillian Dempsey', 'Kaleigh Fratkin', 'Tereza Vanisova', 'Leila Kilduff', 'Audra Richards')",22.046765,1.175545157,22.28187403
65,"('Jillian Dempsey', 'Kaleigh Fratkin', 'Tereza Vanisova', 'Leila Kilduff', 'Mikyla Grant-Mentis')",24.677515,1.175545157,24.91262403
66,"('Jillian Dempsey', 'Kaleigh Fratkin', 'Tereza Vanisova', 'Leila Kilduff', 'Taylor Woods')",24.04412,1.175545157,24.27922903
67,"('Jillian Dempsey', 'Kaleigh Fratkin', 'Tori Sullivan', 'Leila Kilduff', 'Taylor Woods')",22.69364,0.883661616,22.87037232
68,"('Jillian Dempsey', 'Kaleigh Fratkin', 'Autumn MacDougall', 'Leila Kilduff', 'Shiann Darkangelo')",23.565925,0.378472222,23.64161944
69,"('Jillian Dempsey', 'Kaleigh Fratkin', 'Autumn MacDougall', 'Brooke White', 'Taylor Woods')",21.60193,0.378472222,21.67762444
70,"('Jillian Dempsey', 'Kaleigh Fratkin', 'Jordan Juron', 'Leila Kilduff', 'Taylor Woods')",23.890475,0.378472222,23.96616944
71,"('Jillian Dempsey', 'Kaleigh Fratkin', 'Cailey Hutchison', 'Leila Kilduff', 'Shiann Darkangelo')",22.432815,0.696060606,22.57202712
72,"('Jillian Dempsey', 'Kaleigh Fratkin', 'Cailey Hutchison', 'Brooke White', 'Taylor Woods')",20.46882,0.378472222,20.54451444
73,"('Jillian Dempsey', 'Kaleigh Fratkin', 'Leila Kilduff', 'Audra Richards', 'Shiann Darkangelo')",22.985725,0.378472222,23.06141944
74,"('Jillian Dempsey', 'Kaleigh Fratkin', 'Leila Kilduff', 'Meghan Lorence', 'Taylor Woods')",23.51932,0.378472222,23.59501444
75,"('Jillian Dempsey', 'Kaleigh Fratkin', 'Leila Kilduff', 'Sara Bustad', 'Taylor Woods')",22.02759,0.378472222,22.10328444
76,"('Jillian Dempsey', 'Kaleigh Fratkin', 'Leila Kilduff', 'Mikyla Grant-Mentis', 'Shiann Darkangelo')",25.616475,0.800970737,25.77666915
77,"('Jillian Dempsey', 'Kaleigh Fratkin', 'Leila Kilduff', 'Sarah-Eve Coutu Godbout', 'Taylor Woods')",23.801875,0.797998737,23.96147475
78,"('Jillian Dempsey', 'Kaleigh Fratkin', 'Leila Kilduff', 'Shiann Darkangelo', 'Taylor Woods')",24.98308,0.831946387,25.14946928
79,"('Jillian Dempsey', 'Kaleigh Fratkin', 'Audra Richards', 'Brooke White', 'Taylor Woods')",21.02173,0.493510101,21.12043202
80,"('Jillian Dempsey', 'Kaleigh Fratkin', 'Brooke White', 'Mikyla Grant-Mentis', 'Taylor Woods')",23.65248,0.964830447,23.84544609
81,"('Jillian Dempsey', 'Lauren Kelly', 'Mallory Souliotis', 'McKenna Brand', 'Tereza Vanisova')",25.449335,3.693590366,26.18805307
82,"('Jillian Dempsey', 'Lauren Kelly', 'Mallory Souliotis', 'McKenna Brand', 'Shiann Darkangelo')",26.388295,2.290580011,26.846411
83,"('Jillian Dempsey', 'Lauren Kelly', 'Mallory Souliotis', 'Tereza Vanisova', 'Taylor Woods')",25.30646,1.924154979,25.691291
84,"('Jillian Dempsey', 'Lauren Kelly', 'Mallory Souliotis', 'Shiann Darkangelo', 'Taylor Woods')",26.24542,1.260448513,26.4975097
85,"('Jillian Dempsey', 'Lauren Kelly', 'McKenna Brand', 'Tereza Vanisova', 'Leila Kilduff')",23.664315,2.404277311,24.14517046
86,"('Jillian Dempsey', 'Lauren Kelly', 'McKenna Brand', 'Leila Kilduff', 'Shiann Darkangelo')",24.603275,1.38351443,24.87997789
87,"('Jillian Dempsey', 'Lauren Kelly', 'McKenna Brand', 'Brooke White', 'Taylor Woods')",22.63928,1.38351443,22.91598289
88,"('Jillian Dempsey', 'Lauren Kelly', 'Tereza Vanisova', 'Leila Kilduff', 'Taylor Woods')",23.52144,1.024619302,23.72636386
89,"('Jillian Dempsey', 'Lauren Kelly', 'Leila Kilduff', 'Shiann Darkangelo', 'Taylor Woods')",24.4604,0.743160312,24.60903206
90,"('Jillian Dempsey', 'Lexie Laing', 'Mallory Souliotis', 'McKenna Brand', 'Taylor Turnquist')",24.38806,3.389112659,25.06588253
91,"('Jillian Dempsey', 'Lexie Laing', 'Mallory Souliotis', 'McKenna Brand', 'Alyson Matteau')",25.31271,2.059375104,25.72458502
92,"('Jillian Dempsey', 'Lexie Laing', 'Mallory Souliotis', 'McKenna Brand', 'Lindsay Eastwood')",24.78204,2.059375104,25.19391502
93,"('Jillian Dempsey', 'Lexie Laing', 'Mallory Souliotis', 'Taylor Turnquist', 'Taylor Woods')",24.245185,1.665277018,24.5782404
94,"('Jillian Dempsey', 'Lexie Laing', 'Mallory Souliotis', 'Alyson Matteau', 'Taylor Woods')",25.169835,0.691871535,25.30820931
95,"('Jillian Dempsey', 'Lexie Laing', 'Mallory Souliotis', 'Lindsay Eastwood', 'Taylor Woods')",24.639165,1.211151838,24.88139537
96,"('Jillian Dempsey', 'Lexie Laing', 'McKenna Brand', 'Taylor Turnquist', 'Leila Kilduff')",22.60304,2.054332431,23.01390649
97,"('Jillian Dempsey', 'Lexie Laing', 'McKenna Brand', 'Alyson Matteau', 'Leila Kilduff')",23.52769,1.040680736,23.73582615
98,"('Jillian Dempsey', 'Lexie Laing', 'McKenna Brand', 'Leila Kilduff', 'Lindsay Eastwood')",22.99702,1.040680736,23.20515615
99,"('Jillian Dempsey', 'Lexie Laing', 'Taylor Turnquist', 'Leila Kilduff', 'Taylor Woods')",22.460165,0.72027417,22.60421983
100,"('Jillian Dempsey', 'Lexie Laing', 'Alyson Matteau', 'Leila Kilduff', 'Taylor Woods')",23.384815,0.062954545,23.39740591
101,"('Jillian Dempsey', 'Lexie Laing', 'Leila Kilduff', 'Lindsay Eastwood', 'Taylor Woods')",22.854145,0.582234848,22.97059197
102,"('Jillian Dempsey', 'Mallory Souliotis', 'Mary Parker', 'McKenna Brand', 'Tereza Vanisova')",22.694365,2.945385205,23.28344204
103,"('Jillian Dempsey', 'Mallory Souliotis', 'Mary Parker', 'McKenna Brand', 'Shiann Darkangelo')",23.633325,1.881361035,24.00959721
104,"('Jillian Dempsey', 'Mallory Souliotis', 'Mary Parker', 'Tereza Vanisova', 'Taylor Woods')",22.55149,1.416315979,22.8347532
105,"('Jillian Dempsey', 'Mallory Souliotis', 'Mary Parker', 'Shiann Darkangelo', 'Taylor Woods')",23.49045,1.0915957,23.70876914
106,"('Jillian Dempsey', 'Mallory Souliotis', 'McKenna Brand', 'Paige Capistran', 'Tereza Vanisova')",23.530695,3.472443286,24.22518366
107,"('Jillian Dempsey', 'Mallory Souliotis', 'McKenna Brand', 'Paige Capistran', 'Shiann Darkangelo')",24.469655,2.202876187,24.91023024
108,"('Jillian Dempsey', 'Mallory Souliotis', 'McKenna Brand', 'Taylor Turnquist', 'Tereza Vanisova')",24.942385,3.807675207,25.70392004
109,"('Jillian Dempsey', 'Mallory Souliotis', 'McKenna Brand', 'Taylor Turnquist', 'Tori Sullivan')",23.591905,3.381035458,24.26811209
110,"('Jillian Dempsey', 'Mallory Souliotis', 'McKenna Brand', 'Taylor Turnquist', 'Jordan Juron')",24.78874,2.411351115,25.27101022
111,"('Jillian Dempsey', 'Mallory Souliotis', 'McKenna Brand', 'Taylor Turnquist', 'Meghan Lorence')",24.417585,2.411351115,24.89985522
112,"('Jillian Dempsey', 'Mallory Souliotis', 'McKenna Brand', 'Taylor Turnquist', 'Sara Bustad')",22.925855,2.411351115,23.40812522
113,"('Jillian Dempsey', 'Mallory Souliotis', 'McKenna Brand', 'Taylor Turnquist', 'Sarah-Eve Coutu Godbout')",24.70014,2.411351115,25.18241022
114,"('Jillian Dempsey', 'Mallory Souliotis', 'McKenna Brand', 'Taylor Turnquist', 'Shiann Darkangelo')",25.881345,2.411351115,26.36361522
115,"('Jillian Dempsey', 'Mallory Souliotis', 'McKenna Brand', 'Tereza Vanisova', 'Alyson Matteau')",25.867035,2.422241266,26.35148325
116,"('Jillian Dempsey', 'Mallory Souliotis', 'McKenna Brand', 'Tereza Vanisova', 'Brittany Colton')",21.773965,2.422241266,22.25841325
117,"('Jillian Dempsey', 'Mallory Souliotis', 'McKenna Brand', 'Tereza Vanisova', 'Carly Jackson')",21.811915,2.422241266,22.29636325
118,"('Jillian Dempsey', 'Mallory Souliotis', 'McKenna Brand', 'Tereza Vanisova', 'Dominique Kremer')",25.937365,2.422241266,26.42181325
119,"('Jillian Dempsey', 'Mallory Souliotis', 'McKenna Brand', 'Tereza Vanisova', 'Lenka Curmova')",24.230995,2.422241266,24.71544325
120,"('Jillian Dempsey', 'Mallory Souliotis', 'McKenna Brand', 'Tereza Vanisova', 'Lisa Chesson')",23.663105,2.422241266,24.14755325
121,"('Jillian Dempsey', 'Mallory Souliotis', 'McKenna Brand', 'Tereza Vanisova', 'Marie-Jo Pelletier')",25.721555,2.422241266,26.20600325
122,"('Jillian Dempsey', 'Mallory Souliotis', 'McKenna Brand', 'Tereza Vanisova', 'Megan Delay')",23.717975,2.422241266,24.20242325
123,"('Jillian Dempsey', 'Mallory Souliotis', 'McKenna Brand', 'Tereza Vanisova', 'Neve Van Pelt')",22.402835,2.422241266,22.88728325
124,"('Jillian Dempsey', 'Mallory Souliotis', 'McKenna Brand', 'Tereza Vanisova', 'Taylor Wasylk')",22.52675,2.422241266,23.01119825
125,"('Jillian Dempsey', 'Mallory Souliotis', 'McKenna Brand', 'Tereza Vanisova', 'Whitney Dove')",24.793915,2.422241266,25.27836325
126,"('Jillian Dempsey', 'Mallory Souliotis', 'McKenna Brand', 'Tereza Vanisova', 'Elena Orlando')",23.481695,2.422241266,23.96614325
127,"('Jillian Dempsey', 'Mallory Souliotis', 'McKenna Brand', 'Tereza Vanisova', 'Hanna Beattie')",24.827745,2.422241266,25.31219325
128,"('Jillian Dempsey', 'Mallory Souliotis', 'McKenna Brand', 'Tereza Vanisova', 'Laurel Hill')",21.602215,2.422241266,22.08666325
129,"('Jillian Dempsey', 'Mallory Souliotis', 'McKenna Brand', 'Tereza Vanisova', 'Maggie LaGue')",25.141475,2.422241266,25.62592325
130,"('Jillian Dempsey', 'Mallory Souliotis', 'McKenna Brand', 'Tereza Vanisova', 'Sarah Hughson')",21.39845,2.422241266,21.88289825
131,"('Jillian Dempsey', 'Mallory Souliotis', 'McKenna Brand', 'Tereza Vanisova', 'Shannon Doyle')",25.588075,2.422241266,26.07252325
132,"('Jillian Dempsey', 'Mallory Souliotis', 'McKenna Brand', 'Tereza Vanisova', 'Taylor Marchin')",23.450385,2.422241266,23.93483325
133,"('Jillian Dempsey', 'Mallory Souliotis', 'McKenna Brand', 'Tereza Vanisova', 'Tori Howran')",25.188425,2.422241266,25.67287325
134,"('Jillian Dempsey', 'Mallory Souliotis', 'McKenna Brand', 'Tereza Vanisova', 'Allie Olnowich')",22.400055,2.422241266,22.88450325
135,"('Jillian Dempsey', 'Mallory Souliotis', 'McKenna Brand', 'Tereza Vanisova', 'Kiira Dosdall')",24.283515,2.422241266,24.76796325
136,"('Jillian Dempsey', 'Mallory Souliotis', 'McKenna Brand', 'Tereza Vanisova', 'Leila Kilduff')",24.228885,2.422241266,24.71333325
137,"('Jillian Dempsey', 'Mallory Souliotis', 'McKenna Brand', 'Tereza Vanisova', 'Paige Voight')",23.20857,2.422241266,23.69301825
138,"('Jillian Dempsey', 'Mallory Souliotis', 'McKenna Brand', 'Tereza Vanisova', 'Rebecca Morse')",24.737415,2.422241266,25.22186325
139,"('Jillian Dempsey', 'Mallory Souliotis', 'McKenna Brand', 'Tereza Vanisova', 'Sammy Kolowrat')",24.411655,2.422241266,24.89610325
140,"('Jillian Dempsey', 'Mallory Souliotis', 'McKenna Brand', 'Tereza Vanisova', 'Saroya Tinker')",23.356935,2.422241266,23.84138325
141,"('Jillian Dempsey', 'Mallory Souliotis', 'McKenna Brand', 'Tereza Vanisova', 'Tera Hofmann')",21.075095,2.422241266,21.55954325
142,"('Jillian Dempsey', 'Mallory Souliotis', 'McKenna Brand', 'Tereza Vanisova', 'Brooke White')",21.69796,2.422241266,22.18240825
143,"('Jillian Dempsey', 'Mallory Souliotis', 'McKenna Brand', 'Tereza Vanisova', 'Chelsey Brodt-Rosenthal')",22.792395,2.422241266,23.27684325
144,"('Jillian Dempsey', 'Mallory Souliotis', 'McKenna Brand', 'Tereza Vanisova', 'Emma Stauber')",23.191555,2.422241266,23.67600325
145,"('Jillian Dempsey', 'Mallory Souliotis', 'McKenna Brand', 'Tereza Vanisova', 'Maddie Rowe')",24.369095,2.422241266,24.85354325
146,"('Jillian Dempsey', 'Mallory Souliotis', 'McKenna Brand', 'Tereza Vanisova', 'Rose Alleva')",20.598095,2.422241266,21.08254325
147,"('Jillian Dempsey', 'Mallory Souliotis', 'McKenna Brand', 'Tereza Vanisova', 'Sydney Baldwin')",26.403765,2.422241266,26.88821325
148,"('Jillian Dempsey', 'Mallory Souliotis', 'McKenna Brand', 'Tereza Vanisova', 'Winny Brodt-Brown')",22.632665,2.422241266,23.11711325
149,"('Jillian Dempsey', 'Mallory Souliotis', 'McKenna Brand', 'Tereza Vanisova', 'Emma Greco')",24.135805,2.422241266,24.62025325
150,"('Jillian Dempsey', 'Mallory Souliotis', 'McKenna Brand', 'Tereza Vanisova', 'Kristen Barbara')",22.841315,2.422241266,23.32576325
151,"('Jillian Dempsey', 'Mallory Souliotis', 'McKenna Brand', 'Tereza Vanisova', 'Lindsay Eastwood')",25.336365,2.422241266,25.82081325
152,"('Jillian Dempsey', 'Mallory Souliotis', 'McKenna Brand', 'Tereza Vanisova', 'Megan Quinn')",24.206105,2.422241266,24.69055325
153,"('Jillian Dempsey', 'Mallory Souliotis', 'McKenna Brand', 'Tereza Vanisova', 'Sarah Steele')",24.245485,2.422241266,24.72993325
154,"('Jillian Dempsey', 'Mallory Souliotis', 'McKenna Brand', 'Tori Sullivan', 'Alyson Matteau')",24.516555,2.053381237,24.92723125
155,"('Jillian Dempsey', 'Mallory Souliotis', 'McKenna Brand', 'Tori Sullivan', 'Lindsay Eastwood')",23.985885,2.053381237,24.39656125
156,"('Jillian Dempsey', 'Mallory Souliotis', 'McKenna Brand', 'Alyson Matteau', 'Jordan Juron')",25.71339,1.764696172,26.06632923
157,"('Jillian Dempsey', 'Mallory Souliotis', 'McKenna Brand', 'Alyson Matteau', 'Meghan Lorence')",25.342235,1.442939318,25.63082286
158,"('Jillian Dempsey', 'Mallory Souliotis', 'McKenna Brand', 'Alyson Matteau', 'Sara Bustad')",23.850505,1.442939318,24.13909286
159,"('Jillian Dempsey', 'Mallory Souliotis', 'McKenna Brand', 'Alyson Matteau', 'Sarah-Eve Coutu Godbout')",25.62479,1.442939318,25.91337786
160,"('Jillian Dempsey', 'Mallory Souliotis', 'McKenna Brand', 'Alyson Matteau', 'Shiann Darkangelo')",26.805995,1.442939318,27.09458286
161,"('Jillian Dempsey', 'Mallory Souliotis', 'McKenna Brand', 'Brittany Colton', 'Shiann Darkangelo')",22.712925,1.442939318,23.00151286
162,"('Jillian Dempsey', 'Mallory Souliotis', 'McKenna Brand', 'Carly Jackson', 'Shiann Darkangelo')",22.750875,1.442939318,23.03946286
163,"('Jillian Dempsey', 'Mallory Souliotis', 'McKenna Brand', 'Dominique Kremer', 'Shiann Darkangelo')",26.876325,1.442939318,27.16491286
164,"('Jillian Dempsey', 'Mallory Souliotis', 'McKenna Brand', 'Jordan Juron', 'Lindsay Eastwood')",25.18272,1.442939318,25.47130786
165,"('Jillian Dempsey', 'Mallory Souliotis', 'McKenna Brand', 'Lenka Curmova', 'Shiann Darkangelo')",25.169955,1.442939318,25.45854286
166,"('Jillian Dempsey', 'Mallory Souliotis', 'McKenna Brand', 'Lisa Chesson', 'Shiann Darkangelo')",24.602065,1.442939318,24.89065286
167,"('Jillian Dempsey', 'Mallory Souliotis', 'McKenna Brand', 'Marie-Jo Pelletier', 'Shiann Darkangelo')",26.660515,1.442939318,26.94910286
168,"('Jillian Dempsey', 'Mallory Souliotis', 'McKenna Brand', 'Megan Delay', 'Shiann Darkangelo')",24.656935,1.442939318,24.94552286
169,"('Jillian Dempsey', 'Mallory Souliotis', 'McKenna Brand', 'Neve Van Pelt', 'Shiann Darkangelo')",23.341795,1.442939318,23.63038286
170,"('Jillian Dempsey', 'Mallory Souliotis', 'McKenna Brand', 'Taylor Wasylk', 'Shiann Darkangelo')",23.46571,1.442939318,23.75429786
171,"('Jillian Dempsey', 'Mallory Souliotis', 'McKenna Brand', 'Whitney Dove', 'Shiann Darkangelo')",25.732875,1.442939318,26.02146286
172,"('Jillian Dempsey', 'Mallory Souliotis', 'McKenna Brand', 'Alyssa Wohlfeiler', 'Brooke White')",21.393265,1.442939318,21.68185286
173,"('Jillian Dempsey', 'Mallory Souliotis', 'McKenna Brand', 'Elena Orlando', 'Shiann Darkangelo')",24.420655,1.442939318,24.70924286
174,"('Jillian Dempsey', 'Mallory Souliotis', 'McKenna Brand', 'Hanna Beattie', 'Shiann Darkangelo')",25.766705,1.442939318,26.05529286
175,"('Jillian Dempsey', 'Mallory Souliotis', 'McKenna Brand', 'Laurel Hill', 'Shiann Darkangelo')",22.541175,1.442939318,22.82976286
176,"('Jillian Dempsey', 'Mallory Souliotis', 'McKenna Brand', 'Maggie LaGue', 'Shiann Darkangelo')",26.080435,1.442939318,26.36902286
177,"('Jillian Dempsey', 'Mallory Souliotis', 'McKenna Brand', 'Sarah Hughson', 'Shiann Darkangelo')",22.33741,1.442939318,22.62599786
178,"('Jillian Dempsey', 'Mallory Souliotis', 'McKenna Brand', 'Shannon Doyle', 'Shiann Darkangelo')",26.527035,1.442939318,26.81562286
179,"('Jillian Dempsey', 'Mallory Souliotis', 'McKenna Brand', 'Taylor Marchin', 'Shiann Darkangelo')",24.389345,1.442939318,24.67793286
180,"('Jillian Dempsey', 'Mallory Souliotis', 'McKenna Brand', 'Tori Howran', 'Shiann Darkangelo')",26.127385,1.442939318,26.41597286
181,"('Jillian Dempsey', 'Mallory Souliotis', 'McKenna Brand', 'Allie Olnowich', 'Shiann Darkangelo')",23.339015,1.442939318,23.62760286
182,"('Jillian Dempsey', 'Mallory Souliotis', 'McKenna Brand', 'Kiira Dosdall', 'Shiann Darkangelo')",25.222475,1.442939318,25.51106286
183,"('Jillian Dempsey', 'Mallory Souliotis', 'McKenna Brand', 'Leila Kilduff', 'Shiann Darkangelo')",25.167845,1.442939318,25.45643286
184,"('Jillian Dempsey', 'Mallory Souliotis', 'McKenna Brand', 'Paige Voight', 'Shiann Darkangelo')",24.14753,1.442939318,24.43611786
185,"('Jillian Dempsey', 'Mallory Souliotis', 'McKenna Brand', 'Rebecca Morse', 'Shiann Darkangelo')",25.676375,1.442939318,25.96496286
186,"('Jillian Dempsey', 'Mallory Souliotis', 'McKenna Brand', 'Sammy Kolowrat', 'Shiann Darkangelo')",25.350615,1.442939318,25.63920286
187,"('Jillian Dempsey', 'Mallory Souliotis', 'McKenna Brand', 'Saroya Tinker', 'Shiann Darkangelo')",24.295895,1.442939318,24.58448286
188,"('Jillian Dempsey', 'Mallory Souliotis', 'McKenna Brand', 'Tera Hofmann', 'Shiann Darkangelo')",22.014055,1.442939318,22.30264286
189,"('Jillian Dempsey', 'Mallory Souliotis', 'McKenna Brand', 'Brooke White', 'Samantha Ridgewell')",18.70302,1.442939318,18.99160786
190,"('Jillian Dempsey', 'Mallory Souliotis', 'McKenna Brand', 'Brooke White', 'Shiann Darkangelo')",22.63692,1.442939318,22.92550786
191,"('Jillian Dempsey', 'Mallory Souliotis', 'McKenna Brand', 'Brooke White', 'Taylor Woods')",23.20385,1.442939318,23.49243786
192,"('Jillian Dempsey', 'Mallory Souliotis', 'McKenna Brand', 'Chelsey Brodt-Rosenthal', 'Shiann Darkangelo')",23.731355,1.442939318,24.01994286
193,"('Jillian Dempsey', 'Mallory Souliotis', 'McKenna Brand', 'Emma Stauber', 'Shiann Darkangelo')",24.130515,1.442939318,24.41910286
194,"('Jillian Dempsey', 'Mallory Souliotis', 'McKenna Brand', 'Maddie Rowe', 'Shiann Darkangelo')",25.308055,1.442939318,25.59664286
195,"('Jillian Dempsey', 'Mallory Souliotis', 'McKenna Brand', 'Meghan Lorence', 'Lindsay Eastwood')",24.811565,1.442939318,25.10015286
196,"('Jillian Dempsey', 'Mallory Souliotis', 'McKenna Brand', 'Rose Alleva', 'Shiann Darkangelo')",21.537055,1.442939318,21.82564286
197,"('Jillian Dempsey', 'Mallory Souliotis', 'McKenna Brand', 'Sara Bustad', 'Lindsay Eastwood')",23.319835,1.442939318,23.60842286
198,"('Jillian Dempsey', 'Mallory Souliotis', 'McKenna Brand', 'Sydney Baldwin', 'Shiann Darkangelo')",27.342725,1.442939318,27.63131286
199,"('Jillian Dempsey', 'Mallory Souliotis', 'McKenna Brand', 'Winny Brodt-Brown', 'Shiann Darkangelo')",23.571625,1.442939318,23.86021286
200,"('Jillian Dempsey', 'Mallory Souliotis', 'McKenna Brand', 'Emma Greco', 'Shiann Darkangelo')",25.074765,1.734890977,25.4217432
201,"('Jillian Dempsey', 'Mallory Souliotis', 'McKenna Brand', 'Kristen Barbara', 'Shiann Darkangelo')",23.780275,1.774629433,24.13520089
202,"('Jillian Dempsey', 'Mallory Souliotis', 'McKenna Brand', 'Lindsay Eastwood', 'Sarah-Eve Coutu Godbout')",25.09412,1.731915105,25.44050302
203,"('Jillian Dempsey', 'Mallory Souliotis', 'McKenna Brand', 'Lindsay Eastwood', 'Shiann Darkangelo')",26.275325,1.868924166,26.64910983
204,"('Jillian Dempsey', 'Mallory Souliotis', 'McKenna Brand', 'Megan Quinn', 'Shiann Darkangelo')",25.145065,1.73945447,25.49295589
205,"('Jillian Dempsey', 'Mallory Souliotis', 'McKenna Brand', 'Sarah Steele', 'Shiann Darkangelo')",25.184445,1.836972923,25.55183958
206,"('Jillian Dempsey', 'Mallory Souliotis', 'Paige Capistran', 'Tereza Vanisova', 'Taylor Woods')",23.38782,1.80242709,23.74830542
207,"('Jillian Dempsey', 'Mallory Souliotis', 'Paige Capistran', 'Shiann Darkangelo', 'Taylor Woods')",24.32678,1.272163881,24.58121278
208,"('Jillian Dempsey', 'Mallory Souliotis', 'Samantha Davis', 'Taylor Turnquist', 'Tereza Vanisova')",24.481285,3.892257677,25.25973654
209,"('Jillian Dempsey', 'Mallory Souliotis', 'Samantha Davis', 'Taylor Turnquist', 'Shiann Darkangelo')",25.420245,2.140172401,25.84827948
210,"('Jillian Dempsey', 'Mallory Souliotis', 'Samantha Davis', 'Tereza Vanisova', 'Alyson Matteau')",25.405935,2.40114823,25.88616465
211,"('Jillian Dempsey', 'Mallory Souliotis', 'Samantha Davis', 'Tereza Vanisova', 'Lindsay Eastwood')",24.875265,2.40114823,25.35549465
212,"('Jillian Dempsey', 'Mallory Souliotis', 'Samantha Davis', 'Alyson Matteau', 'Shiann Darkangelo')",26.344895,1.066085099,26.55811202
213,"('Jillian Dempsey', 'Mallory Souliotis', 'Samantha Davis', 'Lindsay Eastwood', 'Shiann Darkangelo')",25.814225,1.492069948,26.11263899
214,"('Jillian Dempsey', 'Mallory Souliotis', 'Taylor Turnquist', 'Tereza Vanisova', 'Autumn MacDougall')",23.382355,2.077135021,23.797782
215,"('Jillian Dempsey', 'Mallory Souliotis', 'Taylor Turnquist', 'Tereza Vanisova', 'Cailey Hutchison')",22.249245,2.077135021,22.664672
216,"('Jillian Dempsey', 'Mallory Souliotis', 'Taylor Turnquist', 'Tereza Vanisova', 'Audra Richards')",22.802155,2.077135021,23.217582
217,"('Jillian Dempsey', 'Mallory Souliotis', 'Taylor Turnquist', 'Tereza Vanisova', 'Mikyla Grant-Mentis')",25.432905,2.077135021,25.848332
218,"('Jillian Dempsey', 'Mallory Souliotis', 'Taylor Turnquist', 'Tereza Vanisova', 'Taylor Woods')",24.79951,2.077135021,25.214937
219,"('Jillian Dempsey', 'Mallory Souliotis', 'Taylor Turnquist', 'Tori Sullivan', 'Taylor Woods')",23.44903,1.936324998,23.836295
220,"('Jillian Dempsey', 'Mallory Souliotis', 'Taylor Turnquist', 'Autumn MacDougall', 'Shiann Darkangelo')",24.321315,0.966640655,24.51464313
221,"('Jillian Dempsey', 'Mallory Souliotis', 'Taylor Turnquist', 'Jordan Juron', 'Taylor Woods')",24.645865,0.966640655,24.83919313
222,"('Jillian Dempsey', 'Mallory Souliotis', 'Taylor Turnquist', 'Cailey Hutchison', 'Shiann Darkangelo')",23.188205,0.966640655,23.38153313
223,"('Jillian Dempsey', 'Mallory Souliotis', 'Taylor Turnquist', 'Audra Richards', 'Shiann Darkangelo')",23.741115,0.966640655,23.93444313
224,"('Jillian Dempsey', 'Mallory Souliotis', 'Taylor Turnquist', 'Meghan Lorence', 'Taylor Woods')",24.27471,0.966640655,24.46803813
225,"('Jillian Dempsey', 'Mallory Souliotis', 'Taylor Turnquist', 'Sara Bustad', 'Taylor Woods')",22.78298,0.966640655,22.97630813
226,"('Jillian Dempsey', 'Mallory Souliotis', 'Taylor Turnquist', 'Mikyla Grant-Mentis', 'Shiann Darkangelo')",26.371865,1.389139169,26.64969283
227,"('Jillian Dempsey', 'Mallory Souliotis', 'Taylor Turnquist', 'Sarah-Eve Coutu Godbout', 'Taylor Woods')",24.557265,1.38616717,24.83449843
228,"('Jillian Dempsey', 'Mallory Souliotis', 'Taylor Turnquist', 'Shiann Darkangelo', 'Taylor Woods')",25.73847,1.420114819,26.02249296
229,"('Jillian Dempsey', 'Mallory Souliotis', 'Tereza Vanisova', 'Alyson Matteau', 'Autumn MacDougall')",24.307005,1.418372575,24.59067951
230,"('Jillian Dempsey', 'Mallory Souliotis', 'Tereza Vanisova', 'Alyson Matteau', 'Cailey Hutchison')",23.173895,1.048033151,23.38350163
231,"('Jillian Dempsey', 'Mallory Souliotis', 'Tereza Vanisova', 'Alyson Matteau', 'Audra Richards')",23.726805,1.048033151,23.93641163
232,"('Jillian Dempsey', 'Mallory Souliotis', 'Tereza Vanisova', 'Alyson Matteau', 'Mikyla Grant-Mentis')",26.357555,1.048033151,26.56716163
233,"('Jillian Dempsey', 'Mallory Souliotis', 'Tereza Vanisova', 'Alyson Matteau', 'Taylor Woods')",25.72416,1.048033151,25.93376663
234,"('Jillian Dempsey', 'Mallory Souliotis', 'Tereza Vanisova', 'Autumn MacDougall', 'Lindsay Eastwood')",23.776335,1.048033151,23.98594163
235,"('Jillian Dempsey', 'Mallory Souliotis', 'Tereza Vanisova', 'Brittany Colton', 'Taylor Woods')",21.63109,1.048033151,21.84069663
236,"('Jillian Dempsey', 'Mallory Souliotis', 'Tereza Vanisova', 'Carly Jackson', 'Taylor Woods')",21.66904,1.048033151,21.87864663
237,"('Jillian Dempsey', 'Mallory Souliotis', 'Tereza Vanisova', 'Dominique Kremer', 'Taylor Woods')",25.79449,1.048033151,26.00409663
238,"('Jillian Dempsey', 'Mallory Souliotis', 'Tereza Vanisova', 'Lenka Curmova', 'Taylor Woods')",24.08812,1.048033151,24.29772663
239,"('Jillian Dempsey', 'Mallory Souliotis', 'Tereza Vanisova', 'Lisa Chesson', 'Taylor Woods')",23.52023,1.048033151,23.72983663
240,"('Jillian Dempsey', 'Mallory Souliotis', 'Tereza Vanisova', 'Marie-Jo Pelletier', 'Taylor Woods')",25.57868,1.048033151,25.78828663
241,"('Jillian Dempsey', 'Mallory Souliotis', 'Tereza Vanisova', 'Megan Delay', 'Taylor Woods')",23.5751,1.048033151,23.78470663
242,"('Jillian Dempsey', 'Mallory Souliotis', 'Tereza Vanisova', 'Neve Van Pelt', 'Taylor Woods')",22.25996,1.048033151,22.46956663
243,"('Jillian Dempsey', 'Mallory Souliotis', 'Tereza Vanisova', 'Taylor Wasylk', 'Taylor Woods')",22.383875,1.048033151,22.59348163
244,"('Jillian Dempsey', 'Mallory Souliotis', 'Tereza Vanisova', 'Whitney Dove', 'Taylor Woods')",24.65104,1.048033151,24.86064663
245,"('Jillian Dempsey', 'Mallory Souliotis', 'Tereza Vanisova', 'Alyssa Wohlfeiler', 'Leila Kilduff')",22.275425,1.048033151,22.48503163
246,"('Jillian Dempsey', 'Mallory Souliotis', 'Tereza Vanisova', 'Elena Orlando', 'Taylor Woods')",23.33882,1.048033151,23.54842663
247,"('Jillian Dempsey', 'Mallory Souliotis', 'Tereza Vanisova', 'Hanna Beattie', 'Taylor Woods')",24.68487,1.048033151,24.89447663
248,"('Jillian Dempsey', 'Mallory Souliotis', 'Tereza Vanisova', 'Laurel Hill', 'Taylor Woods')",21.45934,1.048033151,21.66894663
249,"('Jillian Dempsey', 'Mallory Souliotis', 'Tereza Vanisova', 'Maggie LaGue', 'Taylor Woods')",24.9986,1.048033151,25.20820663
250,"('Jillian Dempsey', 'Mallory Souliotis', 'Tereza Vanisova', 'Sarah Hughson', 'Taylor Woods')",21.255575,1.048033151,21.46518163
251,"('Jillian Dempsey', 'Mallory Souliotis', 'Tereza Vanisova', 'Shannon Doyle', 'Taylor Woods')",25.4452,1.048033151,25.65480663
252,"('Jillian Dempsey', 'Mallory Souliotis', 'Tereza Vanisova', 'Taylor Marchin', 'Taylor Woods')",23.30751,1.048033151,23.51711663
253,"('Jillian Dempsey', 'Mallory Souliotis', 'Tereza Vanisova', 'Tori Howran', 'Taylor Woods')",25.04555,1.048033151,25.25515663
254,"('Jillian Dempsey', 'Mallory Souliotis', 'Tereza Vanisova', 'Allie Olnowich', 'Taylor Woods')",22.25718,1.048033151,22.46678663
255,"('Jillian Dempsey', 'Mallory Souliotis', 'Tereza Vanisova', 'Cailey Hutchison', 'Lindsay Eastwood')",22.643225,1.048033151,22.85283163
256,"('Jillian Dempsey', 'Mallory Souliotis', 'Tereza Vanisova', 'Kiira Dosdall', 'Taylor Woods')",24.14064,1.048033151,24.35024663
257,"('Jillian Dempsey', 'Mallory Souliotis', 'Tereza Vanisova', 'Leila Kilduff', 'Samantha Ridgewell')",19.58518,1.048033151,19.79478663
258,"('Jillian Dempsey', 'Mallory Souliotis', 'Tereza Vanisova', 'Leila Kilduff', 'Shiann Darkangelo')",23.51908,1.048033151,23.72868663
259,"('Jillian Dempsey', 'Mallory Souliotis', 'Tereza Vanisova', 'Leila Kilduff', 'Taylor Woods')",24.08601,1.048033151,24.29561663
260,"('Jillian Dempsey', 'Mallory Souliotis', 'Tereza Vanisova', 'Paige Voight', 'Taylor Woods')",23.065695,1.048033151,23.27530163
261,"('Jillian Dempsey', 'Mallory Souliotis', 'Tereza Vanisova', 'Rebecca Morse', 'Taylor Woods')",24.59454,1.048033151,24.80414663
262,"('Jillian Dempsey', 'Mallory Souliotis', 'Tereza Vanisova', 'Sammy Kolowrat', 'Taylor Woods')",24.26878,1.048033151,24.47838663
263,"('Jillian Dempsey', 'Mallory Souliotis', 'Tereza Vanisova', 'Saroya Tinker', 'Taylor Woods')",23.21406,1.048033151,23.42366663
264,"('Jillian Dempsey', 'Mallory Souliotis', 'Tereza Vanisova', 'Tera Hofmann', 'Taylor Woods')",20.93222,1.048033151,21.14182663
265,"('Jillian Dempsey', 'Mallory Souliotis', 'Tereza Vanisova', 'Audra Richards', 'Lindsay Eastwood')",23.196135,1.048033151,23.40574163
266,"('Jillian Dempsey', 'Mallory Souliotis', 'Tereza Vanisova', 'Brooke White', 'Taylor Woods')",21.555085,1.048033151,21.76469163
267,"('Jillian Dempsey', 'Mallory Souliotis', 'Tereza Vanisova', 'Chelsey Brodt-Rosenthal', 'Taylor Woods')",22.64952,1.048033151,22.85912663
268,"('Jillian Dempsey', 'Mallory Souliotis', 'Tereza Vanisova', 'Emma Stauber', 'Taylor Woods')",23.04868,1.048033151,23.25828663
269,"('Jillian Dempsey', 'Mallory Souliotis', 'Tereza Vanisova', 'Maddie Rowe', 'Taylor Woods')",24.22622,1.048033151,24.43582663
270,"('Jillian Dempsey', 'Mallory Souliotis', 'Tereza Vanisova', 'Rose Alleva', 'Taylor Woods')",20.45522,1.048033151,20.66482663
271,"('Jillian Dempsey', 'Mallory Souliotis', 'Tereza Vanisova', 'Sydney Baldwin', 'Taylor Woods')",26.26089,1.048033151,26.47049663
272,"('Jillian Dempsey', 'Mallory Souliotis', 'Tereza Vanisova', 'Winny Brodt-Brown', 'Taylor Woods')",22.48979,1.048033151,22.69939663
273,"('Jillian Dempsey', 'Mallory Souliotis', 'Tereza Vanisova', 'Emma Greco', 'Taylor Woods')",23.99293,1.385733368,24.27007667
274,"('Jillian Dempsey', 'Mallory Souliotis', 'Tereza Vanisova', 'Kristen Barbara', 'Taylor Woods')",22.69844,1.052894262,22.90901885
275,"('Jillian Dempsey', 'Mallory Souliotis', 'Tereza Vanisova', 'Lindsay Eastwood', 'Mikyla Grant-Mentis')",25.826885,1.470022159,26.12088943
276,"('Jillian Dempsey', 'Mallory Souliotis', 'Tereza Vanisova', 'Lindsay Eastwood', 'Taylor Woods')",25.19349,1.567313454,25.50695269
277,"('Jillian Dempsey', 'Mallory Souliotis', 'Tereza Vanisova', 'Megan Quinn', 'Taylor Woods')",24.06323,1.359257899,24.33508158
278,"('Jillian Dempsey', 'Mallory Souliotis', 'Tereza Vanisova', 'Sarah Steele', 'Taylor Woods')",24.10261,1.551155445,24.41284109
279,"('Jillian Dempsey', 'Mallory Souliotis', 'Tori Sullivan', 'Alyson Matteau', 'Taylor Woods')",24.37368,0.965002848,24.56668057
280,"('Jillian Dempsey', 'Mallory Souliotis', 'Tori Sullivan', 'Lindsay Eastwood', 'Taylor Woods')",23.84301,1.484283151,24.13986663
281,"('Jillian Dempsey', 'Mallory Souliotis', 'Alyson Matteau', 'Autumn MacDougall', 'Shiann Darkangelo')",25.245965,0.724900352,25.39094507
282,"('Jillian Dempsey', 'Mallory Souliotis', 'Alyson Matteau', 'Jordan Juron', 'Taylor Woods')",25.570515,0.676317783,25.70577856
283,"('Jillian Dempsey', 'Mallory Souliotis', 'Alyson Matteau', 'Cailey Hutchison', 'Shiann Darkangelo')",24.112855,0.354560929,24.18376719
284,"('Jillian Dempsey', 'Mallory Souliotis', 'Alyson Matteau', 'Audra Richards', 'Shiann Darkangelo')",24.665765,0.354560929,24.73667719
285,"('Jillian Dempsey', 'Mallory Souliotis', 'Alyson Matteau', 'Meghan Lorence', 'Taylor Woods')",25.19936,0.354560929,25.27027219
286,"('Jillian Dempsey', 'Mallory Souliotis', 'Alyson Matteau', 'Sara Bustad', 'Taylor Woods')",23.70763,0.354560929,23.77854219
287,"('Jillian Dempsey', 'Mallory Souliotis', 'Alyson Matteau', 'Mikyla Grant-Mentis', 'Shiann Darkangelo')",27.296515,0.777059443,27.45192689
288,"('Jillian Dempsey', 'Mallory Souliotis', 'Alyson Matteau', 'Sarah-Eve Coutu Godbout', 'Taylor Woods')",25.481915,0.774087444,25.63673249
289,"('Jillian Dempsey', 'Mallory Souliotis', 'Alyson Matteau', 'Shiann Darkangelo', 'Taylor Woods')",26.66312,0.808035094,26.82472702
290,"('Jillian Dempsey', 'Mallory Souliotis', 'Autumn MacDougall', 'Lindsay Eastwood', 'Shiann Darkangelo')",24.715295,0.780545777,24.87140416
291,"('Jillian Dempsey', 'Mallory Souliotis', 'Brittany Colton', 'Shiann Darkangelo', 'Taylor Woods')",22.57005,0.808035094,22.73165702
292,"('Jillian Dempsey', 'Mallory Souliotis', 'Carly Jackson', 'Shiann Darkangelo', 'Taylor Woods')",22.608,0.808035094,22.76960702
293,"('Jillian Dempsey', 'Mallory Souliotis', 'Dominique Kremer', 'Shiann Darkangelo', 'Taylor Woods')",26.73345,0.808035094,26.89505702
294,"('Jillian Dempsey', 'Mallory Souliotis', 'Jordan Juron', 'Lindsay Eastwood', 'Taylor Woods')",25.039845,0.873841232,25.21461325
295,"('Jillian Dempsey', 'Mallory Souliotis', 'Lenka Curmova', 'Shiann Darkangelo', 'Taylor Woods')",25.02708,0.808035094,25.18868702
296,"('Jillian Dempsey', 'Mallory Souliotis', 'Lisa Chesson', 'Shiann Darkangelo', 'Taylor Woods')",24.45919,0.808035094,24.62079702
297,"('Jillian Dempsey', 'Mallory Souliotis', 'Marie-Jo Pelletier', 'Shiann Darkangelo', 'Taylor Woods')",26.51764,0.808035094,26.67924702
298,"('Jillian Dempsey', 'Mallory Souliotis', 'Megan Delay', 'Shiann Darkangelo', 'Taylor Woods')",24.51406,0.808035094,24.67566702
299,"('Jillian Dempsey', 'Mallory Souliotis', 'Neve Van Pelt', 'Shiann Darkangelo', 'Taylor Woods')",23.19892,0.808035094,23.36052702
300,"('Jillian Dempsey', 'Mallory Souliotis', 'Taylor Wasylk', 'Shiann Darkangelo', 'Taylor Woods')",23.322835,0.808035094,23.48444202
301,"('Jillian Dempsey', 'Mallory Souliotis', 'Whitney Dove', 'Shiann Darkangelo', 'Taylor Woods')",25.59,0.808035094,25.75160702
302,"('Jillian Dempsey', 'Mallory Souliotis', 'Alyssa Wohlfeiler', 'Leila Kilduff', 'Shiann Darkangelo')",23.214385,0.354560929,23.28529719
303,"('Jillian Dempsey', 'Mallory Souliotis', 'Alyssa Wohlfeiler', 'Brooke White', 'Taylor Woods')",21.25039,0.354560929,21.32130219
304,"('Jillian Dempsey', 'Mallory Souliotis', 'Elena Orlando', 'Shiann Darkangelo', 'Taylor Woods')",24.27778,0.808035094,24.43938702
305,"('Jillian Dempsey', 'Mallory Souliotis', 'Hanna Beattie', 'Shiann Darkangelo', 'Taylor Woods')",25.62383,0.808035094,25.78543702
306,"('Jillian Dempsey', 'Mallory Souliotis', 'Laurel Hill', 'Shiann Darkangelo', 'Taylor Woods')",22.3983,0.808035094,22.55990702
307,"('Jillian Dempsey', 'Mallory Souliotis', 'Maggie LaGue', 'Shiann Darkangelo', 'Taylor Woods')",25.93756,0.808035094,26.09916702
308,"('Jillian Dempsey', 'Mallory Souliotis', 'Sarah Hughson', 'Shiann Darkangelo', 'Taylor Woods')",22.194535,0.808035094,22.35614202
309,"('Jillian Dempsey', 'Mallory Souliotis', 'Shannon Doyle', 'Shiann Darkangelo', 'Taylor Woods')",26.38416,0.808035094,26.54576702
310,"('Jillian Dempsey', 'Mallory Souliotis', 'Taylor Marchin', 'Shiann Darkangelo', 'Taylor Woods')",24.24647,0.808035094,24.40807702
311,"('Jillian Dempsey', 'Mallory Souliotis', 'Tori Howran', 'Shiann Darkangelo', 'Taylor Woods')",25.98451,0.808035094,26.14611702
312,"('Jillian Dempsey', 'Mallory Souliotis', 'Allie Olnowich', 'Shiann Darkangelo', 'Taylor Woods')",23.19614,0.808035094,23.35774702
313,"('Jillian Dempsey', 'Mallory Souliotis', 'Cailey Hutchison', 'Lindsay Eastwood', 'Shiann Darkangelo')",23.582185,0.780545777,23.73829416
314,"('Jillian Dempsey', 'Mallory Souliotis', 'Kiira Dosdall', 'Shiann Darkangelo', 'Taylor Woods')",25.0796,0.808035094,25.24120702
315,"('Jillian Dempsey', 'Mallory Souliotis', 'Leila Kilduff', 'Samantha Ridgewell', 'Shiann Darkangelo')",20.52414,0.50942204,20.62602441
316,"('Jillian Dempsey', 'Mallory Souliotis', 'Leila Kilduff', 'Shiann Darkangelo', 'Taylor Woods')",25.02497,0.808035094,25.18657702
317,"('Jillian Dempsey', 'Mallory Souliotis', 'Paige Voight', 'Shiann Darkangelo', 'Taylor Woods')",24.004655,0.808035094,24.16626202
318,"('Jillian Dempsey', 'Mallory Souliotis', 'Rebecca Morse', 'Shiann Darkangelo', 'Taylor Woods')",25.5335,0.808035094,25.69510702
319,"('Jillian Dempsey', 'Mallory Souliotis', 'Sammy Kolowrat', 'Shiann Darkangelo', 'Taylor Woods')",25.20774,0.808035094,25.36934702
320,"('Jillian Dempsey', 'Mallory Souliotis', 'Saroya Tinker', 'Shiann Darkangelo', 'Taylor Woods')",24.15302,0.808035094,24.31462702
321,"('Jillian Dempsey', 'Mallory Souliotis', 'Tera Hofmann', 'Shiann Darkangelo', 'Taylor Woods')",21.87118,0.808035094,22.03278702
322,"('Jillian Dempsey', 'Mallory Souliotis', 'Audra Richards', 'Lindsay Eastwood', 'Shiann Darkangelo')",24.135095,0.780545777,24.29120416
323,"('Jillian Dempsey', 'Mallory Souliotis', 'Brooke White', 'Samantha Ridgewell', 'Taylor Woods')",18.560145,0.50942204,18.66202941
324,"('Jillian Dempsey', 'Mallory Souliotis', 'Brooke White', 'Shiann Darkangelo', 'Taylor Woods')",22.494045,0.808035094,22.65565202
325,"('Jillian Dempsey', 'Mallory Souliotis', 'Chelsey Brodt-Rosenthal', 'Shiann Darkangelo', 'Taylor Woods')",23.58848,0.808035094,23.75008702
326,"('Jillian Dempsey', 'Mallory Souliotis', 'Emma Stauber', 'Shiann Darkangelo', 'Taylor Woods')",23.98764,0.808035094,24.14924702
327,"('Jillian Dempsey', 'Mallory Souliotis', 'Maddie Rowe', 'Shiann Darkangelo', 'Taylor Woods')",25.16518,0.808035094,25.32678702
328,"('Jillian Dempsey', 'Mallory Souliotis', 'Meghan Lorence', 'Lindsay Eastwood', 'Taylor Woods')",24.66869,0.873841232,24.84345825
329,"('Jillian Dempsey', 'Mallory Souliotis', 'Rose Alleva', 'Shiann Darkangelo', 'Taylor Woods')",21.39418,0.808035094,21.55578702
330,"('Jillian Dempsey', 'Mallory Souliotis', 'Sara Bustad', 'Lindsay Eastwood', 'Taylor Woods')",23.17696,0.873841232,23.35172825
331,"('Jillian Dempsey', 'Mallory Souliotis', 'Sydney Baldwin', 'Shiann Darkangelo', 'Taylor Woods')",27.19985,0.808035094,27.36145702
332,"('Jillian Dempsey', 'Mallory Souliotis', 'Winny Brodt-Brown', 'Shiann Darkangelo', 'Taylor Woods')",23.42875,0.808035094,23.59035702
333,"('Jillian Dempsey', 'Mallory Souliotis', 'Emma Greco', 'Shiann Darkangelo', 'Taylor Woods')",24.93189,1.437686969,25.21942739
334,"('Jillian Dempsey', 'Mallory Souliotis', 'Kristen Barbara', 'Shiann Darkangelo', 'Taylor Woods')",23.6374,1.14458632,23.86631726
335,"('Jillian Dempsey', 'Mallory Souliotis', 'Lindsay Eastwood', 'Mikyla Grant-Mentis', 'Shiann Darkangelo')",26.765845,1.6250333,27.09085166
336,"('Jillian Dempsey', 'Mallory Souliotis', 'Lindsay Eastwood', 'Sarah-Eve Coutu Godbout', 'Taylor Woods')",24.951245,1.582343534,25.26771371
337,"('Jillian Dempsey', 'Mallory Souliotis', 'Lindsay Eastwood', 'Shiann Darkangelo', 'Taylor Woods')",26.13245,1.753300245,26.48311005
338,"('Jillian Dempsey', 'Mallory Souliotis', 'Megan Quinn', 'Shiann Darkangelo', 'Taylor Woods')",25.00219,1.415774993,25.285345
339,"('Jillian Dempsey', 'Mallory Souliotis', 'Sarah Steele', 'Shiann Darkangelo', 'Taylor Woods')",25.04157,1.705190993,25.3826082
340,"('Jillian Dempsey', 'Mary Parker', 'McKenna Brand', 'Tereza Vanisova', 'Leila Kilduff')",20.909345,1.535238817,21.21639276
341,"('Jillian Dempsey', 'Mary Parker', 'McKenna Brand', 'Leila Kilduff', 'Shiann Darkangelo')",21.848305,0.853462121,22.01899742
342,"('Jillian Dempsey', 'Mary Parker', 'McKenna Brand', 'Brooke White', 'Taylor Woods')",19.88431,0.853462121,20.05500242
343,"('Jillian Dempsey', 'Mary Parker', 'Tereza Vanisova', 'Leila Kilduff', 'Taylor Woods')",20.76647,0.39594697,20.84565939
344,"('Jillian Dempsey', 'Mary Parker', 'Leila Kilduff', 'Shiann Darkangelo', 'Taylor Woods')",21.70543,0.453474165,21.79612483
345,"('Jillian Dempsey', 'McKenna Brand', 'Paige Capistran', 'Tereza Vanisova', 'Leila Kilduff')",21.745675,2.10326912,22.16632882
346,"('Jillian Dempsey', 'McKenna Brand', 'Paige Capistran', 'Leila Kilduff', 'Shiann Darkangelo')",22.684635,1.215949495,22.9278249
347,"('Jillian Dempsey', 'McKenna Brand', 'Paige Capistran', 'Brooke White', 'Taylor Woods')",20.72064,1.215949495,20.9638299
348,"('Jillian Dempsey', 'McKenna Brand', 'Samantha Davis', 'Taylor Turnquist', 'Brooke White')",21.814105,2.394285534,22.29296211
349,"('Jillian Dempsey', 'McKenna Brand', 'Samantha Davis', 'Alyson Matteau', 'Brooke White')",22.738755,1.27995202,22.9947454
350,"('Jillian Dempsey', 'McKenna Brand', 'Samantha Davis', 'Brooke White', 'Lindsay Eastwood')",22.208085,1.27995202,22.4640754
351,"('Jillian Dempsey', 'McKenna Brand', 'Taylor Turnquist', 'Tereza Vanisova', 'Leila Kilduff')",23.157365,2.365003566,23.63036571
352,"('Jillian Dempsey', 'McKenna Brand', 'Taylor Turnquist', 'Tori Sullivan', 'Leila Kilduff')",21.806885,1.865030483,22.1798911
353,"('Jillian Dempsey', 'McKenna Brand', 'Taylor Turnquist', 'Autumn MacDougall', 'Brooke White')",20.715175,1.350926948,20.98536039
354,"('Jillian Dempsey', 'McKenna Brand', 'Taylor Turnquist', 'Jordan Juron', 'Leila Kilduff')",23.00372,1.350926948,23.27390539
355,"('Jillian Dempsey', 'McKenna Brand', 'Taylor Turnquist', 'Cailey Hutchison', 'Brooke White')",19.582065,1.350926948,19.85225039
356,"('Jillian Dempsey', 'McKenna Brand', 'Taylor Turnquist', 'Leila Kilduff', 'Meghan Lorence')",22.632565,1.350926948,22.90275039
357,"('Jillian Dempsey', 'McKenna Brand', 'Taylor Turnquist', 'Leila Kilduff', 'Sara Bustad')",21.140835,1.350926948,21.41102039
358,"('Jillian Dempsey', 'McKenna Brand', 'Taylor Turnquist', 'Leila Kilduff', 'Sarah-Eve Coutu Godbout')",22.91512,1.350926948,23.18530539
359,"('Jillian Dempsey', 'McKenna Brand', 'Taylor Turnquist', 'Leila Kilduff', 'Shiann Darkangelo')",24.096325,1.350926948,24.36651039
360,"('Jillian Dempsey', 'McKenna Brand', 'Taylor Turnquist', 'Audra Richards', 'Brooke White')",20.134975,1.465964827,20.42816797
361,"('Jillian Dempsey', 'McKenna Brand', 'Taylor Turnquist', 'Brooke White', 'Mikyla Grant-Mentis')",22.765725,1.350926948,23.03591039
362,"('Jillian Dempsey', 'McKenna Brand', 'Taylor Turnquist', 'Brooke White', 'Taylor Woods')",22.13233,1.350926948,22.40251539
363,"('Jillian Dempsey', 'McKenna Brand', 'Tereza Vanisova', 'Alyson Matteau', 'Leila Kilduff')",24.082015,1.295655483,24.3411461
364,"('Jillian Dempsey', 'McKenna Brand', 'Tereza Vanisova', 'Brittany Colton', 'Leila Kilduff')",19.988945,1.295655483,20.2480761
365,"('Jillian Dempsey', 'McKenna Brand', 'Tereza Vanisova', 'Carly Jackson', 'Leila Kilduff')",20.026895,1.295655483,20.2860261
366,"('Jillian Dempsey', 'McKenna Brand', 'Tereza Vanisova', 'Dominique Kremer', 'Leila Kilduff')",24.152345,1.295655483,24.4114761
367,"('Jillian Dempsey', 'McKenna Brand', 'Tereza Vanisova', 'Lenka Curmova', 'Leila Kilduff')",22.445975,1.295655483,22.7051061
368,"('Jillian Dempsey', 'McKenna Brand', 'Tereza Vanisova', 'Lisa Chesson', 'Leila Kilduff')",21.878085,1.295655483,22.1372161
369,"('Jillian Dempsey', 'McKenna Brand', 'Tereza Vanisova', 'Marie-Jo Pelletier', 'Leila Kilduff')",23.936535,1.295655483,24.1956661
370,"('Jillian Dempsey', 'McKenna Brand', 'Tereza Vanisova', 'Megan Delay', 'Leila Kilduff')",21.932955,1.295655483,22.1920861
371,"('Jillian Dempsey', 'McKenna Brand', 'Tereza Vanisova', 'Neve Van Pelt', 'Leila Kilduff')",20.617815,1.295655483,20.8769461
372,"('Jillian Dempsey', 'McKenna Brand', 'Tereza Vanisova', 'Taylor Wasylk', 'Leila Kilduff')",20.74173,1.295655483,21.0008611
373,"('Jillian Dempsey', 'McKenna Brand', 'Tereza Vanisova', 'Whitney Dove', 'Leila Kilduff')",23.008895,1.295655483,23.2680261
374,"('Jillian Dempsey', 'McKenna Brand', 'Tereza Vanisova', 'Elena Orlando', 'Leila Kilduff')",21.696675,1.295655483,21.9558061
375,"('Jillian Dempsey', 'McKenna Brand', 'Tereza Vanisova', 'Hanna Beattie', 'Leila Kilduff')",23.042725,1.295655483,23.3018561
376,"('Jillian Dempsey', 'McKenna Brand', 'Tereza Vanisova', 'Laurel Hill', 'Leila Kilduff')",19.817195,1.295655483,20.0763261
377,"('Jillian Dempsey', 'McKenna Brand', 'Tereza Vanisova', 'Maggie LaGue', 'Leila Kilduff')",23.356455,1.295655483,23.6155861
378,"('Jillian Dempsey', 'McKenna Brand', 'Tereza Vanisova', 'Sarah Hughson', 'Leila Kilduff')",19.61343,1.295655483,19.8725611
379,"('Jillian Dempsey', 'McKenna Brand', 'Tereza Vanisova', 'Shannon Doyle', 'Leila Kilduff')",23.803055,1.295655483,24.0621861
380,"('Jillian Dempsey', 'McKenna Brand', 'Tereza Vanisova', 'Taylor Marchin', 'Leila Kilduff')",21.665365,1.295655483,21.9244961
381,"('Jillian Dempsey', 'McKenna Brand', 'Tereza Vanisova', 'Tori Howran', 'Leila Kilduff')",23.403405,1.295655483,23.6625361
382,"('Jillian Dempsey', 'McKenna Brand', 'Tereza Vanisova', 'Allie Olnowich', 'Leila Kilduff')",20.615035,1.295655483,20.8741661
383,"('Jillian Dempsey', 'McKenna Brand', 'Tereza Vanisova', 'Kiira Dosdall', 'Leila Kilduff')",22.498495,1.295655483,22.7576261
384,"('Jillian Dempsey', 'McKenna Brand', 'Tereza Vanisova', 'Leila Kilduff', 'Paige Voight')",21.42355,1.587776696,21.74110534
385,"('Jillian Dempsey', 'McKenna Brand', 'Tereza Vanisova', 'Leila Kilduff', 'Rebecca Morse')",22.952395,1.672158009,23.2868266
386,"('Jillian Dempsey', 'McKenna Brand', 'Tereza Vanisova', 'Leila Kilduff', 'Sammy Kolowrat')",22.626635,1.295655483,22.8857661
387,"('Jillian Dempsey', 'McKenna Brand', 'Tereza Vanisova', 'Leila Kilduff', 'Saroya Tinker')",21.571915,1.598193362,21.89155367
388,"('Jillian Dempsey', 'McKenna Brand', 'Tereza Vanisova', 'Leila Kilduff', 'Tera Hofmann')",19.290075,1.433610029,19.57679701
389,"('Jillian Dempsey', 'McKenna Brand', 'Tereza Vanisova', 'Leila Kilduff', 'Brooke White')",19.91294,1.295655483,20.1720711
390,"('Jillian Dempsey', 'McKenna Brand', 'Tereza Vanisova', 'Leila Kilduff', 'Chelsey Brodt-Rosenthal')",21.007375,1.295655483,21.2665061
391,"('Jillian Dempsey', 'McKenna Brand', 'Tereza Vanisova', 'Leila Kilduff', 'Emma Stauber')",21.406535,1.295655483,21.6656661
392,"('Jillian Dempsey', 'McKenna Brand', 'Tereza Vanisova', 'Leila Kilduff', 'Maddie Rowe')",22.584075,1.295655483,22.8432061
393,"('Jillian Dempsey', 'McKenna Brand', 'Tereza Vanisova', 'Leila Kilduff', 'Rose Alleva')",18.813075,1.295655483,19.0722061
394,"('Jillian Dempsey', 'McKenna Brand', 'Tereza Vanisova', 'Leila Kilduff', 'Sydney Baldwin')",24.618745,1.295655483,24.8778761
395,"('Jillian Dempsey', 'McKenna Brand', 'Tereza Vanisova', 'Leila Kilduff', 'Winny Brodt-Brown')",20.847645,1.295655483,21.1067761
396,"('Jillian Dempsey', 'McKenna Brand', 'Tereza Vanisova', 'Leila Kilduff', 'Emma Greco')",22.350785,1.295655483,22.6099161
397,"('Jillian Dempsey', 'McKenna Brand', 'Tereza Vanisova', 'Leila Kilduff', 'Kristen Barbara')",21.056295,1.295655483,21.3154261
398,"('Jillian Dempsey', 'McKenna Brand', 'Tereza Vanisova', 'Leila Kilduff', 'Lindsay Eastwood')",23.551345,1.295655483,23.8104761
399,"('Jillian Dempsey', 'McKenna Brand', 'Tereza Vanisova', 'Leila Kilduff', 'Megan Quinn')",22.421085,1.295655483,22.6802161
400,"('Jillian Dempsey', 'McKenna Brand', 'Tereza Vanisova', 'Leila Kilduff', 'Sarah Steele')",22.460465,1.295655483,22.7195961
401,"('Jillian Dempsey', 'McKenna Brand', 'Tori Sullivan', 'Alyson Matteau', 'Leila Kilduff')",22.731535,0.853462121,22.90222742
402,"('Jillian Dempsey', 'McKenna Brand', 'Tori Sullivan', 'Leila Kilduff', 'Lindsay Eastwood')",22.200865,0.853462121,22.37155742
403,"('Jillian Dempsey', 'McKenna Brand', 'Alyson Matteau', 'Autumn MacDougall', 'Brooke White')",21.639825,1.068940434,21.85361309
404,"('Jillian Dempsey', 'McKenna Brand', 'Alyson Matteau', 'Jordan Juron', 'Leila Kilduff')",23.92837,1.020357864,24.13244157
405,"('Jillian Dempsey', 'McKenna Brand', 'Alyson Matteau', 'Cailey Hutchison', 'Brooke White')",20.506715,0.69860101,20.6464352
406,"('Jillian Dempsey', 'McKenna Brand', 'Alyson Matteau', 'Leila Kilduff', 'Meghan Lorence')",23.557215,0.69860101,23.6969352
407,"('Jillian Dempsey', 'McKenna Brand', 'Alyson Matteau', 'Leila Kilduff', 'Sara Bustad')",22.065485,0.69860101,22.2052052
408,"('Jillian Dempsey', 'McKenna Brand', 'Alyson Matteau', 'Leila Kilduff', 'Sarah-Eve Coutu Godbout')",23.83977,0.69860101,23.9794902
409,"('Jillian Dempsey', 'McKenna Brand', 'Alyson Matteau', 'Leila Kilduff', 'Shiann Darkangelo')",25.020975,0.69860101,25.1606952
410,"('Jillian Dempsey', 'McKenna Brand', 'Alyson Matteau', 'Audra Richards', 'Brooke White')",21.059625,0.813638889,21.22235278
411,"('Jillian Dempsey', 'McKenna Brand', 'Alyson Matteau', 'Brooke White', 'Mikyla Grant-Mentis')",23.690375,0.69860101,23.8300952
412,"('Jillian Dempsey', 'McKenna Brand', 'Alyson Matteau', 'Brooke White', 'Taylor Woods')",23.05698,0.69860101,23.1967002
413,"('Jillian Dempsey', 'McKenna Brand', 'Autumn MacDougall', 'Brooke White', 'Lindsay Eastwood')",21.109155,0.69860101,21.2488752
414,"('Jillian Dempsey', 'McKenna Brand', 'Brittany Colton', 'Leila Kilduff', 'Shiann Darkangelo')",20.927905,0.69860101,21.0676252
415,"('Jillian Dempsey', 'McKenna Brand', 'Brittany Colton', 'Brooke White', 'Taylor Woods')",18.96391,0.69860101,19.1036302
416,"('Jillian Dempsey', 'McKenna Brand', 'Carly Jackson', 'Leila Kilduff', 'Shiann Darkangelo')",20.965855,0.69860101,21.1055752
417,"('Jillian Dempsey', 'McKenna Brand', 'Carly Jackson', 'Brooke White', 'Taylor Woods')",19.00186,0.69860101,19.1415802
418,"('Jillian Dempsey', 'McKenna Brand', 'Dominique Kremer', 'Leila Kilduff', 'Shiann Darkangelo')",25.091305,0.69860101,25.2310252
419,"('Jillian Dempsey', 'McKenna Brand', 'Dominique Kremer', 'Brooke White', 'Taylor Woods')",23.12731,0.69860101,23.2670302
420,"('Jillian Dempsey', 'McKenna Brand', 'Jordan Juron', 'Leila Kilduff', 'Lindsay Eastwood')",23.3977,0.69860101,23.5374202
421,"('Jillian Dempsey', 'McKenna Brand', 'Lenka Curmova', 'Leila Kilduff', 'Shiann Darkangelo')",23.384935,0.69860101,23.5246552
422,"('Jillian Dempsey', 'McKenna Brand', 'Lenka Curmova', 'Brooke White', 'Taylor Woods')",21.42094,0.69860101,21.5606602
423,"('Jillian Dempsey', 'McKenna Brand', 'Lisa Chesson', 'Leila Kilduff', 'Shiann Darkangelo')",22.817045,0.69860101,22.9567652
424,"('Jillian Dempsey', 'McKenna Brand', 'Lisa Chesson', 'Brooke White', 'Taylor Woods')",20.85305,0.69860101,20.9927702
425,"('Jillian Dempsey', 'McKenna Brand', 'Marie-Jo Pelletier', 'Leila Kilduff', 'Shiann Darkangelo')",24.875495,0.69860101,25.0152152
426,"('Jillian Dempsey', 'McKenna Brand', 'Marie-Jo Pelletier', 'Brooke White', 'Taylor Woods')",22.9115,0.69860101,23.0512202
427,"('Jillian Dempsey', 'McKenna Brand', 'Megan Delay', 'Leila Kilduff', 'Shiann Darkangelo')",22.871915,0.69860101,23.0116352
428,"('Jillian Dempsey', 'McKenna Brand', 'Megan Delay', 'Brooke White', 'Taylor Woods')",20.90792,0.69860101,21.0476402
429,"('Jillian Dempsey', 'McKenna Brand', 'Neve Van Pelt', 'Leila Kilduff', 'Shiann Darkangelo')",21.556775,0.69860101,21.6964952
430,"('Jillian Dempsey', 'McKenna Brand', 'Neve Van Pelt', 'Brooke White', 'Taylor Woods')",19.59278,0.69860101,19.7325002
431,"('Jillian Dempsey', 'McKenna Brand', 'Taylor Wasylk', 'Leila Kilduff', 'Shiann Darkangelo')",21.68069,0.69860101,21.8204102
432,"('Jillian Dempsey', 'McKenna Brand', 'Taylor Wasylk', 'Brooke White', 'Taylor Woods')",19.716695,0.69860101,19.8564152
433,"('Jillian Dempsey', 'McKenna Brand', 'Whitney Dove', 'Leila Kilduff', 'Shiann Darkangelo')",23.947855,0.69860101,24.0875752
434,"('Jillian Dempsey', 'McKenna Brand', 'Whitney Dove', 'Brooke White', 'Taylor Woods')",21.98386,0.69860101,22.1235802
435,"('Jillian Dempsey', 'McKenna Brand', 'Alyssa Wohlfeiler', 'Leila Kilduff', 'Brooke White')",19.608245,0.69860101,19.7479652
436,"('Jillian Dempsey', 'McKenna Brand', 'Elena Orlando', 'Leila Kilduff', 'Shiann Darkangelo')",22.635635,0.69860101,22.7753552
437,"('Jillian Dempsey', 'McKenna Brand', 'Elena Orlando', 'Brooke White', 'Taylor Woods')",20.67164,0.69860101,20.8113602
438,"('Jillian Dempsey', 'McKenna Brand', 'Hanna Beattie', 'Leila Kilduff', 'Shiann Darkangelo')",23.981685,0.69860101,24.1214052
439,"('Jillian Dempsey', 'McKenna Brand', 'Hanna Beattie', 'Brooke White', 'Taylor Woods')",22.01769,0.69860101,22.1574102
440,"('Jillian Dempsey', 'McKenna Brand', 'Laurel Hill', 'Leila Kilduff', 'Shiann Darkangelo')",20.756155,0.69860101,20.8958752
441,"('Jillian Dempsey', 'McKenna Brand', 'Laurel Hill', 'Brooke White', 'Taylor Woods')",18.79216,0.69860101,18.9318802
442,"('Jillian Dempsey', 'McKenna Brand', 'Maggie LaGue', 'Leila Kilduff', 'Shiann Darkangelo')",24.295415,0.69860101,24.4351352
443,"('Jillian Dempsey', 'McKenna Brand', 'Maggie LaGue', 'Brooke White', 'Taylor Woods')",22.33142,0.69860101,22.4711402
444,"('Jillian Dempsey', 'McKenna Brand', 'Sarah Hughson', 'Leila Kilduff', 'Shiann Darkangelo')",20.55239,0.69860101,20.6921102
445,"('Jillian Dempsey', 'McKenna Brand', 'Sarah Hughson', 'Brooke White', 'Taylor Woods')",18.588395,0.69860101,18.7281152
446,"('Jillian Dempsey', 'McKenna Brand', 'Shannon Doyle', 'Leila Kilduff', 'Shiann Darkangelo')",24.742015,0.69860101,24.8817352
447,"('Jillian Dempsey', 'McKenna Brand', 'Shannon Doyle', 'Brooke White', 'Taylor Woods')",22.77802,0.69860101,22.9177402
448,"('Jillian Dempsey', 'McKenna Brand', 'Taylor Marchin', 'Leila Kilduff', 'Shiann Darkangelo')",22.604325,0.69860101,22.7440452
449,"('Jillian Dempsey', 'McKenna Brand', 'Taylor Marchin', 'Brooke White', 'Taylor Woods')",20.64033,0.69860101,20.7800502
450,"('Jillian Dempsey', 'McKenna Brand', 'Tori Howran', 'Leila Kilduff', 'Shiann Darkangelo')",24.342365,0.69860101,24.4820852
451,"('Jillian Dempsey', 'McKenna Brand', 'Tori Howran', 'Brooke White', 'Taylor Woods')",22.37837,0.69860101,22.5180902
452,"('Jillian Dempsey', 'McKenna Brand', 'Allie Olnowich', 'Leila Kilduff', 'Shiann Darkangelo')",21.553995,0.69860101,21.6937152
453,"('Jillian Dempsey', 'McKenna Brand', 'Allie Olnowich', 'Brooke White', 'Taylor Woods')",19.59,0.69860101,19.7297202
454,"('Jillian Dempsey', 'McKenna Brand', 'Cailey Hutchison', 'Brooke White', 'Lindsay Eastwood')",19.976045,0.69860101,20.1157652
455,"('Jillian Dempsey', 'McKenna Brand', 'Kiira Dosdall', 'Leila Kilduff', 'Shiann Darkangelo')",23.437455,0.69860101,23.5771752
456,"('Jillian Dempsey', 'McKenna Brand', 'Kiira Dosdall', 'Brooke White', 'Taylor Woods')",21.47346,0.69860101,21.6131802
457,"('Jillian Dempsey', 'McKenna Brand', 'Leila Kilduff', 'Paige Voight', 'Shiann Darkangelo')",22.36251,0.990722222,22.56065444
458,"('Jillian Dempsey', 'McKenna Brand', 'Leila Kilduff', 'Rebecca Morse', 'Shiann Darkangelo')",23.891355,1.075103535,24.10637571
459,"('Jillian Dempsey', 'McKenna Brand', 'Leila Kilduff', 'Sammy Kolowrat', 'Shiann Darkangelo')",23.565595,0.69860101,23.7053152
460,"('Jillian Dempsey', 'McKenna Brand', 'Leila Kilduff', 'Saroya Tinker', 'Shiann Darkangelo')",22.510875,1.001138889,22.71110278
461,"('Jillian Dempsey', 'McKenna Brand', 'Leila Kilduff', 'Tera Hofmann', 'Shiann Darkangelo')",20.229035,0.836555556,20.39634611
462,"('Jillian Dempsey', 'McKenna Brand', 'Leila Kilduff', 'Brooke White', 'Samantha Ridgewell')",16.918,0.69860101,17.0577202
463,"('Jillian Dempsey', 'McKenna Brand', 'Leila Kilduff', 'Brooke White', 'Shiann Darkangelo')",20.8519,0.69860101,20.9916202
464,"('Jillian Dempsey', 'McKenna Brand', 'Leila Kilduff', 'Brooke White', 'Taylor Woods')",21.41883,0.69860101,21.5585502
465,"('Jillian Dempsey', 'McKenna Brand', 'Leila Kilduff', 'Chelsey Brodt-Rosenthal', 'Shiann Darkangelo')",21.946335,0.69860101,22.0860552
466,"('Jillian Dempsey', 'McKenna Brand', 'Leila Kilduff', 'Emma Stauber', 'Shiann Darkangelo')",22.345495,0.69860101,22.4852152
467,"('Jillian Dempsey', 'McKenna Brand', 'Leila Kilduff', 'Maddie Rowe', 'Shiann Darkangelo')",23.523035,0.69860101,23.6627552
468,"('Jillian Dempsey', 'McKenna Brand', 'Leila Kilduff', 'Meghan Lorence', 'Lindsay Eastwood')",23.026545,0.69860101,23.1662652
469,"('Jillian Dempsey', 'McKenna Brand', 'Leila Kilduff', 'Rose Alleva', 'Shiann Darkangelo')",19.752035,0.69860101,19.8917552
470,"('Jillian Dempsey', 'McKenna Brand', 'Leila Kilduff', 'Sara Bustad', 'Lindsay Eastwood')",21.534815,0.69860101,21.6745352
471,"('Jillian Dempsey', 'McKenna Brand', 'Leila Kilduff', 'Sydney Baldwin', 'Shiann Darkangelo')",25.557705,0.69860101,25.6974252
472,"('Jillian Dempsey', 'McKenna Brand', 'Leila Kilduff', 'Winny Brodt-Brown', 'Shiann Darkangelo')",21.786605,0.69860101,21.9263252
473,"('Jillian Dempsey', 'McKenna Brand', 'Leila Kilduff', 'Emma Greco', 'Shiann Darkangelo')",23.289745,0.99055267,23.48785553
474,"('Jillian Dempsey', 'McKenna Brand', 'Leila Kilduff', 'Kristen Barbara', 'Shiann Darkangelo')",21.995255,1.030291126,22.20131323
475,"('Jillian Dempsey', 'McKenna Brand', 'Leila Kilduff', 'Lindsay Eastwood', 'Sarah-Eve Coutu Godbout')",23.3091,0.987576797,23.50661536
476,"('Jillian Dempsey', 'McKenna Brand', 'Leila Kilduff', 'Lindsay Eastwood', 'Shiann Darkangelo')",24.490305,1.124585859,24.71522217
477,"('Jillian Dempsey', 'McKenna Brand', 'Leila Kilduff', 'Megan Quinn', 'Shiann Darkangelo')",23.360045,0.995116162,23.55906823
478,"('Jillian Dempsey', 'McKenna Brand', 'Leila Kilduff', 'Sarah Steele', 'Shiann Darkangelo')",23.399425,1.092634615,23.61795192
479,"('Jillian Dempsey', 'McKenna Brand', 'Paige Voight', 'Brooke White', 'Taylor Woods')",20.398515,0.69860101,20.5382352
480,"('Jillian Dempsey', 'McKenna Brand', 'Rebecca Morse', 'Brooke White', 'Taylor Woods')",21.92736,0.69860101,22.0670802
481,"('Jillian Dempsey', 'McKenna Brand', 'Sammy Kolowrat', 'Brooke White', 'Taylor Woods')",21.6016,0.69860101,21.7413202
482,"('Jillian Dempsey', 'McKenna Brand', 'Saroya Tinker', 'Brooke White', 'Taylor Woods')",20.54688,0.69860101,20.6866002
483,"('Jillian Dempsey', 'McKenna Brand', 'Tera Hofmann', 'Brooke White', 'Taylor Woods')",18.26504,0.69860101,18.4047602
484,"('Jillian Dempsey', 'McKenna Brand', 'Audra Richards', 'Brooke White', 'Lindsay Eastwood')",20.528955,0.813638889,20.69168278
485,"('Jillian Dempsey', 'McKenna Brand', 'Brooke White', 'Chelsey Brodt-Rosenthal', 'Taylor Woods')",19.98234,0.786328283,20.13960566
486,"('Jillian Dempsey', 'McKenna Brand', 'Brooke White', 'Emma Stauber', 'Taylor Woods')",20.3815,0.786328283,20.53876566
487,"('Jillian Dempsey', 'McKenna Brand', 'Brooke White', 'Maddie Rowe', 'Taylor Woods')",21.55904,0.704964646,21.70003293
488,"('Jillian Dempsey', 'McKenna Brand', 'Brooke White', 'Rose Alleva', 'Taylor Woods')",17.78804,0.69860101,17.9277602
489,"('Jillian Dempsey', 'McKenna Brand', 'Brooke White', 'Sydney Baldwin', 'Taylor Woods')",23.59371,0.853462121,23.76440242
490,"('Jillian Dempsey', 'McKenna Brand', 'Brooke White', 'Winny Brodt-Brown', 'Taylor Woods')",19.82261,0.817691919,19.98614838
491,"('Jillian Dempsey', 'McKenna Brand', 'Brooke White', 'Emma Greco', 'Taylor Woods')",21.32575,1.036301227,21.53301025
492,"('Jillian Dempsey', 'McKenna Brand', 'Brooke White', 'Kristen Barbara', 'Taylor Woods')",20.03126,0.703462121,20.17195242
493,"('Jillian Dempsey', 'McKenna Brand', 'Brooke White', 'Lindsay Eastwood', 'Mikyla Grant-Mentis')",23.159705,1.120590018,23.383823
494,"('Jillian Dempsey', 'McKenna Brand', 'Brooke White', 'Lindsay Eastwood', 'Taylor Woods')",22.52631,1.217881313,22.76988626
495,"('Jillian Dempsey', 'McKenna Brand', 'Brooke White', 'Megan Quinn', 'Taylor Woods')",21.39605,1.009825758,21.59801515
496,"('Jillian Dempsey', 'McKenna Brand', 'Brooke White', 'Sarah Steele', 'Taylor Woods')",21.43543,1.201723304,21.67577466
497,"('Jillian Dempsey', 'Paige Capistran', 'Tereza Vanisova', 'Leila Kilduff', 'Taylor Woods')",21.6028,0.823030303,21.76740606
498,"('Jillian Dempsey', 'Paige Capistran', 'Leila Kilduff', 'Shiann Darkangelo', 'Taylor Woods')",22.54176,0.675014569,22.67676291
499,"('Jillian Dempsey', 'Samantha Davis', 'Taylor Turnquist', 'Tereza Vanisova', 'Leila Kilduff')",22.696265,2.439063992,23.1840778
500,"('Jillian Dempsey', 'Samantha Davis', 'Taylor Turnquist', 'Leila Kilduff', 'Shiann Darkangelo')",23.635225,1.06922619,23.84907024
501,"('Jillian Dempsey', 'Samantha Davis', 'Taylor Turnquist', 'Brooke White', 'Taylor Woods')",21.67123,1.06922619,21.88507524
502,"('Jillian Dempsey', 'Samantha Davis', 'Tereza Vanisova', 'Alyson Matteau', 'Leila Kilduff')",23.620915,1.264040404,23.87372308
503,"('Jillian Dempsey', 'Samantha Davis', 'Tereza Vanisova', 'Leila Kilduff', 'Lindsay Eastwood')",23.090245,1.264040404,23.34305308
504,"('Jillian Dempsey', 'Samantha Davis', 'Alyson Matteau', 'Leila Kilduff', 'Shiann Darkangelo')",24.559875,0.311224747,24.62211995
505,"('Jillian Dempsey', 'Samantha Davis', 'Alyson Matteau', 'Brooke White', 'Taylor Woods')",22.59588,0.311224747,22.65812495
506,"('Jillian Dempsey', 'Samantha Davis', 'Leila Kilduff', 'Lindsay Eastwood', 'Shiann Darkangelo')",24.029205,0.737209596,24.17664692
507,"('Jillian Dempsey', 'Samantha Davis', 'Brooke White', 'Lindsay Eastwood', 'Taylor Woods')",22.06521,0.830505051,22.23131101
508,"('Jillian Dempsey', 'Taylor Turnquist', 'Tereza Vanisova', 'Autumn MacDougall', 'Leila Kilduff')",21.597335,1.024240759,21.80218315
509,"('Jillian Dempsey', 'Taylor Turnquist', 'Tereza Vanisova', 'Cailey Hutchison', 'Leila Kilduff')",20.464225,1.341829143,20.73259083
510,"('Jillian Dempsey', 'Taylor Turnquist', 'Tereza Vanisova', 'Leila Kilduff', 'Audra Richards')",21.017135,1.024240759,21.22198315
511,"('Jillian Dempsey', 'Taylor Turnquist', 'Tereza Vanisova', 'Leila Kilduff', 'Mikyla Grant-Mentis')",23.647885,1.024240759,23.85273315
512,"('Jillian Dempsey', 'Taylor Turnquist', 'Tereza Vanisova', 'Leila Kilduff', 'Taylor Woods')",23.01449,1.024240759,23.21933815
513,"('Jillian Dempsey', 'Taylor Turnquist', 'Tori Sullivan', 'Leila Kilduff', 'Taylor Woods')",21.66401,0.810097403,21.82602948
514,"('Jillian Dempsey', 'Taylor Turnquist', 'Autumn MacDougall', 'Leila Kilduff', 'Shiann Darkangelo')",22.536295,0.295993867,22.59549377
515,"('Jillian Dempsey', 'Taylor Turnquist', 'Autumn MacDougall', 'Brooke White', 'Taylor Woods')",20.5723,0.295993867,20.63149877
516,"('Jillian Dempsey', 'Taylor Turnquist', 'Jordan Juron', 'Leila Kilduff', 'Taylor Woods')",22.860845,0.295993867,22.92004377
517,"('Jillian Dempsey', 'Taylor Turnquist', 'Cailey Hutchison', 'Leila Kilduff', 'Shiann Darkangelo')",21.403185,0.613582251,21.52590145
518,"('Jillian Dempsey', 'Taylor Turnquist', 'Cailey Hutchison', 'Brooke White', 'Taylor Woods')",19.43919,0.295993867,19.49838877
519,"('Jillian Dempsey', 'Taylor Turnquist', 'Leila Kilduff', 'Audra Richards', 'Shiann Darkangelo')",21.956095,0.295993867,22.01529377
520,"('Jillian Dempsey', 'Taylor Turnquist', 'Leila Kilduff', 'Meghan Lorence', 'Taylor Woods')",22.48969,0.295993867,22.54888877
521,"('Jillian Dempsey', 'Taylor Turnquist', 'Leila Kilduff', 'Sara Bustad', 'Taylor Woods')",20.99796,0.295993867,21.05715877
522,"('Jillian Dempsey', 'Taylor Turnquist', 'Leila Kilduff', 'Mikyla Grant-Mentis', 'Shiann Darkangelo')",24.586845,0.718492382,24.73054348
523,"('Jillian Dempsey', 'Taylor Turnquist', 'Leila Kilduff', 'Sarah-Eve Coutu Godbout', 'Taylor Woods')",22.772245,0.715520382,22.91534908
524,"('Jillian Dempsey', 'Taylor Turnquist', 'Leila Kilduff', 'Shiann Darkangelo', 'Taylor Woods')",23.95345,0.749468032,24.10334361
525,"('Jillian Dempsey', 'Taylor Turnquist', 'Audra Richards', 'Brooke White', 'Taylor Woods')",19.9921,0.411031746,20.07430635
526,"('Jillian Dempsey', 'Taylor Turnquist', 'Brooke White', 'Mikyla Grant-Mentis', 'Taylor Woods')",22.62285,0.882352092,22.79932042
527,"('Jillian Dempsey', 'Tereza Vanisova', 'Alyson Matteau', 'Autumn MacDougall', 'Leila Kilduff')",22.521985,0.681564171,22.65829783
528,"('Jillian Dempsey', 'Tereza Vanisova', 'Alyson Matteau', 'Cailey Hutchison', 'Leila Kilduff')",21.388875,0.628813131,21.51463763
529,"('Jillian Dempsey', 'Tereza Vanisova', 'Alyson Matteau', 'Leila Kilduff', 'Audra Richards')",21.941785,0.311224747,22.00402995
530,"('Jillian Dempsey', 'Tereza Vanisova', 'Alyson Matteau', 'Leila Kilduff', 'Mikyla Grant-Mentis')",24.572535,0.311224747,24.63477995
531,"('Jillian Dempsey', 'Tereza Vanisova', 'Alyson Matteau', 'Leila Kilduff', 'Taylor Woods')",23.93914,0.311224747,24.00138495
532,"('Jillian Dempsey', 'Tereza Vanisova', 'Autumn MacDougall', 'Leila Kilduff', 'Lindsay Eastwood')",21.991315,0.311224747,22.05355995
533,"('Jillian Dempsey', 'Tereza Vanisova', 'Brittany Colton', 'Leila Kilduff', 'Taylor Woods')",19.84607,0.311224747,19.90831495
534,"('Jillian Dempsey', 'Tereza Vanisova', 'Carly Jackson', 'Leila Kilduff', 'Taylor Woods')",19.88402,0.311224747,19.94626495
535,"('Jillian Dempsey', 'Tereza Vanisova', 'Dominique Kremer', 'Leila Kilduff', 'Taylor Woods')",24.00947,0.311224747,24.07171495
536,"('Jillian Dempsey', 'Tereza Vanisova', 'Lenka Curmova', 'Leila Kilduff', 'Taylor Woods')",22.3031,0.311224747,22.36534495
537,"('Jillian Dempsey', 'Tereza Vanisova', 'Lisa Chesson', 'Leila Kilduff', 'Taylor Woods')",21.73521,0.311224747,21.79745495
538,"('Jillian Dempsey', 'Tereza Vanisova', 'Marie-Jo Pelletier', 'Leila Kilduff', 'Taylor Woods')",23.79366,0.311224747,23.85590495
539,"('Jillian Dempsey', 'Tereza Vanisova', 'Megan Delay', 'Leila Kilduff', 'Taylor Woods')",21.79008,0.311224747,21.85232495
540,"('Jillian Dempsey', 'Tereza Vanisova', 'Neve Van Pelt', 'Leila Kilduff', 'Taylor Woods')",20.47494,0.311224747,20.53718495
541,"('Jillian Dempsey', 'Tereza Vanisova', 'Taylor Wasylk', 'Leila Kilduff', 'Taylor Woods')",20.598855,0.311224747,20.66109995
542,"('Jillian Dempsey', 'Tereza Vanisova', 'Whitney Dove', 'Leila Kilduff', 'Taylor Woods')",22.86602,0.311224747,22.92826495
543,"('Jillian Dempsey', 'Tereza Vanisova', 'Elena Orlando', 'Leila Kilduff', 'Taylor Woods')",21.5538,0.311224747,21.61604495
544,"('Jillian Dempsey', 'Tereza Vanisova', 'Hanna Beattie', 'Leila Kilduff', 'Taylor Woods')",22.89985,0.311224747,22.96209495
545,"('Jillian Dempsey', 'Tereza Vanisova', 'Laurel Hill', 'Leila Kilduff', 'Taylor Woods')",19.67432,0.311224747,19.73656495
546,"('Jillian Dempsey', 'Tereza Vanisova', 'Maggie LaGue', 'Leila Kilduff', 'Taylor Woods')",23.21358,0.311224747,23.27582495
547,"('Jillian Dempsey', 'Tereza Vanisova', 'Sarah Hughson', 'Leila Kilduff', 'Taylor Woods')",19.470555,0.311224747,19.53279995
548,"('Jillian Dempsey', 'Tereza Vanisova', 'Shannon Doyle', 'Leila Kilduff', 'Taylor Woods')",23.66018,0.311224747,23.72242495
549,"('Jillian Dempsey', 'Tereza Vanisova', 'Taylor Marchin', 'Leila Kilduff', 'Taylor Woods')",21.52249,0.311224747,21.58473495
550,"('Jillian Dempsey', 'Tereza Vanisova', 'Tori Howran', 'Leila Kilduff', 'Taylor Woods')",23.26053,0.311224747,23.32277495
551,"('Jillian Dempsey', 'Tereza Vanisova', 'Allie Olnowich', 'Leila Kilduff', 'Taylor Woods')",20.47216,0.311224747,20.53440495
552,"('Jillian Dempsey', 'Tereza Vanisova', 'Cailey Hutchison', 'Leila Kilduff', 'Lindsay Eastwood')",20.858205,0.628813131,20.98396763
553,"('Jillian Dempsey', 'Tereza Vanisova', 'Kiira Dosdall', 'Leila Kilduff', 'Taylor Woods')",22.35562,0.311224747,22.41786495
554,"('Jillian Dempsey', 'Tereza Vanisova', 'Leila Kilduff', 'Paige Voight', 'Taylor Woods')",21.280675,0.60334596,21.40134419
555,"('Jillian Dempsey', 'Tereza Vanisova', 'Leila Kilduff', 'Rebecca Morse', 'Taylor Woods')",22.80952,0.687727273,22.94706545
556,"('Jillian Dempsey', 'Tereza Vanisova', 'Leila Kilduff', 'Sammy Kolowrat', 'Taylor Woods')",22.48376,0.311224747,22.54600495
557,"('Jillian Dempsey', 'Tereza Vanisova', 'Leila Kilduff', 'Saroya Tinker', 'Taylor Woods')",21.42904,0.613762626,21.55179253
558,"('Jillian Dempsey', 'Tereza Vanisova', 'Leila Kilduff', 'Tera Hofmann', 'Taylor Woods')",19.1472,0.449179293,19.23703586
559,"('Jillian Dempsey', 'Tereza Vanisova', 'Leila Kilduff', 'Audra Richards', 'Lindsay Eastwood')",21.411115,0.311224747,21.47335995
560,"('Jillian Dempsey', 'Tereza Vanisova', 'Leila Kilduff', 'Brooke White', 'Taylor Woods')",19.770065,0.311224747,19.83230995
561,"('Jillian Dempsey', 'Tereza Vanisova', 'Leila Kilduff', 'Chelsey Brodt-Rosenthal', 'Taylor Woods')",20.8645,0.311224747,20.92674495
562,"('Jillian Dempsey', 'Tereza Vanisova', 'Leila Kilduff', 'Emma Stauber', 'Taylor Woods')",21.26366,0.311224747,21.32590495
563,"('Jillian Dempsey', 'Tereza Vanisova', 'Leila Kilduff', 'Maddie Rowe', 'Taylor Woods')",22.4412,0.311224747,22.50344495
564,"('Jillian Dempsey', 'Tereza Vanisova', 'Leila Kilduff', 'Rose Alleva', 'Taylor Woods')",18.6702,0.311224747,18.73244495
565,"('Jillian Dempsey', 'Tereza Vanisova', 'Leila Kilduff', 'Sydney Baldwin', 'Taylor Woods')",24.47587,0.311224747,24.53811495
566,"('Jillian Dempsey', 'Tereza Vanisova', 'Leila Kilduff', 'Winny Brodt-Brown', 'Taylor Woods')",20.70477,0.311224747,20.76701495
567,"('Jillian Dempsey', 'Tereza Vanisova', 'Leila Kilduff', 'Emma Greco', 'Taylor Woods')",22.20791,0.648924964,22.33769499
568,"('Jillian Dempsey', 'Tereza Vanisova', 'Leila Kilduff', 'Kristen Barbara', 'Taylor Woods')",20.91342,0.316085859,20.97663717
569,"('Jillian Dempsey', 'Tereza Vanisova', 'Leila Kilduff', 'Lindsay Eastwood', 'Mikyla Grant-Mentis')",24.041865,0.733213755,24.18850775
570,"('Jillian Dempsey', 'Tereza Vanisova', 'Leila Kilduff', 'Lindsay Eastwood', 'Taylor Woods')",23.40847,0.830505051,23.57457101
571,"('Jillian Dempsey', 'Tereza Vanisova', 'Leila Kilduff', 'Megan Quinn', 'Taylor Woods')",22.27821,0.622449495,22.4026999
572,"('Jillian Dempsey', 'Tereza Vanisova', 'Leila Kilduff', 'Sarah Steele', 'Taylor Woods')",22.31759,0.814347042,22.48045941
573,"('Jillian Dempsey', 'Tori Sullivan', 'Alyson Matteau', 'Leila Kilduff', 'Taylor Woods')",22.58866,0.154861111,22.61963222
574,"('Jillian Dempsey', 'Tori Sullivan', 'Leila Kilduff', 'Lindsay Eastwood', 'Taylor Woods')",22.05799,0.674141414,22.19281828
575,"('Jillian Dempsey', 'Alyson Matteau', 'Autumn MacDougall', 'Leila Kilduff', 'Shiann Darkangelo')",23.460945,0.370339424,23.53501288
576,"('Jillian Dempsey', 'Alyson Matteau', 'Autumn MacDougall', 'Brooke White', 'Taylor Woods')",21.49695,0.370339424,21.57101788
577,"('Jillian Dempsey', 'Alyson Matteau', 'Jordan Juron', 'Leila Kilduff', 'Taylor Woods')",23.785495,0.321756854,23.84984637
578,"('Jillian Dempsey', 'Alyson Matteau', 'Cailey Hutchison', 'Leila Kilduff', 'Shiann Darkangelo')",22.327835,0.317588384,22.39135268
579,"('Jillian Dempsey', 'Alyson Matteau', 'Cailey Hutchison', 'Brooke White', 'Taylor Woods')",20.36384,0,20.36384
580,"('Jillian Dempsey', 'Alyson Matteau', 'Leila Kilduff', 'Audra Richards', 'Shiann Darkangelo')",22.880745,0,22.880745
581,"('Jillian Dempsey', 'Alyson Matteau', 'Leila Kilduff', 'Meghan Lorence', 'Taylor Woods')",23.41434,0,23.41434
582,"('Jillian Dempsey', 'Alyson Matteau', 'Leila Kilduff', 'Sara Bustad', 'Taylor Woods')",21.92261,0,21.92261
583,"('Jillian Dempsey', 'Alyson Matteau', 'Leila Kilduff', 'Mikyla Grant-Mentis', 'Shiann Darkangelo')",25.511495,0.422498515,25.5959947
584,"('Jillian Dempsey', 'Alyson Matteau', 'Leila Kilduff', 'Sarah-Eve Coutu Godbout', 'Taylor Woods')",23.696895,0.419526515,23.7808003
585,"('Jillian Dempsey', 'Alyson Matteau', 'Leila Kilduff', 'Shiann Darkangelo', 'Taylor Woods')",24.8781,0.453474165,24.96879483
586,"('Jillian Dempsey', 'Alyson Matteau', 'Audra Richards', 'Brooke White', 'Taylor Woods')",20.91675,0.115037879,20.93975758
587,"('Jillian Dempsey', 'Alyson Matteau', 'Brooke White', 'Mikyla Grant-Mentis', 'Taylor Woods')",23.5475,0.586358225,23.66477165
588,"('Jillian Dempsey', 'Autumn MacDougall', 'Leila Kilduff', 'Lindsay Eastwood', 'Shiann Darkangelo')",22.930275,0.425984848,23.01547197
589,"('Jillian Dempsey', 'Autumn MacDougall', 'Brooke White', 'Lindsay Eastwood', 'Taylor Woods')",20.96628,0.519280303,21.07013606
590,"('Jillian Dempsey', 'Brittany Colton', 'Leila Kilduff', 'Shiann Darkangelo', 'Taylor Woods')",20.78503,0.453474165,20.87572483
591,"('Jillian Dempsey', 'Carly Jackson', 'Leila Kilduff', 'Shiann Darkangelo', 'Taylor Woods')",20.82298,0.453474165,20.91367483
592,"('Jillian Dempsey', 'Dominique Kremer', 'Leila Kilduff', 'Shiann Darkangelo', 'Taylor Woods')",24.94843,0.453474165,25.03912483
593,"('Jillian Dempsey', 'Jordan Juron', 'Leila Kilduff', 'Lindsay Eastwood', 'Taylor Woods')",23.254825,0.519280303,23.35868106
594,"('Jillian Dempsey', 'Lenka Curmova', 'Leila Kilduff', 'Shiann Darkangelo', 'Taylor Woods')",23.24206,0.453474165,23.33275483
595,"('Jillian Dempsey', 'Lisa Chesson', 'Leila Kilduff', 'Shiann Darkangelo', 'Taylor Woods')",22.67417,0.453474165,22.76486483
596,"('Jillian Dempsey', 'Marie-Jo Pelletier', 'Leila Kilduff', 'Shiann Darkangelo', 'Taylor Woods')",24.73262,0.453474165,24.82331483
597,"('Jillian Dempsey', 'Megan Delay', 'Leila Kilduff', 'Shiann Darkangelo', 'Taylor Woods')",22.72904,0.453474165,22.81973483
598,"('Jillian Dempsey', 'Neve Van Pelt', 'Leila Kilduff', 'Shiann Darkangelo', 'Taylor Woods')",21.4139,0.453474165,21.50459483
599,"('Jillian Dempsey', 'Taylor Wasylk', 'Leila Kilduff', 'Shiann Darkangelo', 'Taylor Woods')",21.537815,0.453474165,21.62850983
600,"('Jillian Dempsey', 'Whitney Dove', 'Leila Kilduff', 'Shiann Darkangelo', 'Taylor Woods')",23.80498,0.453474165,23.89567483
601,"('Jillian Dempsey', 'Alyssa Wohlfeiler', 'Leila Kilduff', 'Brooke White', 'Taylor Woods')",19.46537,0,19.46537
602,"('Jillian Dempsey', 'Elena Orlando', 'Leila Kilduff', 'Shiann Darkangelo', 'Taylor Woods')",22.49276,0.453474165,22.58345483
603,"('Jillian Dempsey', 'Hanna Beattie', 'Leila Kilduff', 'Shiann Darkangelo', 'Taylor Woods')",23.83881,0.453474165,23.92950483
604,"('Jillian Dempsey', 'Laurel Hill', 'Leila Kilduff', 'Shiann Darkangelo', 'Taylor Woods')",20.61328,0.453474165,20.70397483
605,"('Jillian Dempsey', 'Maggie LaGue', 'Leila Kilduff', 'Shiann Darkangelo', 'Taylor Woods')",24.15254,0.453474165,24.24323483
606,"('Jillian Dempsey', 'Sarah Hughson', 'Leila Kilduff', 'Shiann Darkangelo', 'Taylor Woods')",20.409515,0.453474165,20.50020983
607,"('Jillian Dempsey', 'Shannon Doyle', 'Leila Kilduff', 'Shiann Darkangelo', 'Taylor Woods')",24.59914,0.453474165,24.68983483
608,"('Jillian Dempsey', 'Taylor Marchin', 'Leila Kilduff', 'Shiann Darkangelo', 'Taylor Woods')",22.46145,0.453474165,22.55214483
609,"('Jillian Dempsey', 'Tori Howran', 'Leila Kilduff', 'Shiann Darkangelo', 'Taylor Woods')",24.19949,0.453474165,24.29018483
610,"('Jillian Dempsey', 'Allie Olnowich', 'Leila Kilduff', 'Shiann Darkangelo', 'Taylor Woods')",21.41112,0.453474165,21.50181483
611,"('Jillian Dempsey', 'Cailey Hutchison', 'Leila Kilduff', 'Lindsay Eastwood', 'Shiann Darkangelo')",21.797165,0.743573232,21.94587965
612,"('Jillian Dempsey', 'Cailey Hutchison', 'Brooke White', 'Lindsay Eastwood', 'Taylor Woods')",19.83317,0.519280303,19.93702606
613,"('Jillian Dempsey', 'Kiira Dosdall', 'Leila Kilduff', 'Shiann Darkangelo', 'Taylor Woods')",23.29458,0.453474165,23.38527483
614,"('Jillian Dempsey', 'Leila Kilduff', 'Paige Voight', 'Shiann Darkangelo', 'Taylor Woods')",22.219635,0.745595377,22.36875408
615,"('Jillian Dempsey', 'Leila Kilduff', 'Rebecca Morse', 'Shiann Darkangelo', 'Taylor Woods')",23.74848,0.82997669,23.91447534
616,"('Jillian Dempsey', 'Leila Kilduff', 'Sammy Kolowrat', 'Shiann Darkangelo', 'Taylor Woods')",23.42272,0.453474165,23.51341483
617,"('Jillian Dempsey', 'Leila Kilduff', 'Saroya Tinker', 'Shiann Darkangelo', 'Taylor Woods')",22.368,0.756012044,22.51920241
618,"('Jillian Dempsey', 'Leila Kilduff', 'Tera Hofmann', 'Shiann Darkangelo', 'Taylor Woods')",20.08616,0.59142871,20.20444574
619,"('Jillian Dempsey', 'Leila Kilduff', 'Audra Richards', 'Lindsay Eastwood', 'Shiann Darkangelo')",22.350075,0.425984848,22.43527197
620,"('Jillian Dempsey', 'Leila Kilduff', 'Brooke White', 'Samantha Ridgewell', 'Taylor Woods')",16.775125,0.154861111,16.80609722
621,"('Jillian Dempsey', 'Leila Kilduff', 'Brooke White', 'Shiann Darkangelo', 'Taylor Woods')",20.709025,0.453474165,20.79971983
622,"('Jillian Dempsey', 'Leila Kilduff', 'Chelsey Brodt-Rosenthal', 'Shiann Darkangelo', 'Taylor Woods')",21.80346,0.453474165,21.89415483
623,"('Jillian Dempsey', 'Leila Kilduff', 'Emma Stauber', 'Shiann Darkangelo', 'Taylor Woods')",22.20262,0.453474165,22.29331483
624,"('Jillian Dempsey', 'Leila Kilduff', 'Maddie Rowe', 'Shiann Darkangelo', 'Taylor Woods')",23.38016,0.453474165,23.47085483
625,"('Jillian Dempsey', 'Leila Kilduff', 'Meghan Lorence', 'Lindsay Eastwood', 'Taylor Woods')",22.88367,0.519280303,22.98752606
626,"('Jillian Dempsey', 'Leila Kilduff', 'Rose Alleva', 'Shiann Darkangelo', 'Taylor Woods')",19.60916,0.453474165,19.69985483
627,"('Jillian Dempsey', 'Leila Kilduff', 'Sara Bustad', 'Lindsay Eastwood', 'Taylor Woods')",21.39194,0.519280303,21.49579606
628,"('Jillian Dempsey', 'Leila Kilduff', 'Sydney Baldwin', 'Shiann Darkangelo', 'Taylor Woods')",25.41483,0.453474165,25.50552483
629,"('Jillian Dempsey', 'Leila Kilduff', 'Winny Brodt-Brown', 'Shiann Darkangelo', 'Taylor Woods')",21.64373,0.453474165,21.73442483
630,"('Jillian Dempsey', 'Leila Kilduff', 'Emma Greco', 'Shiann Darkangelo', 'Taylor Woods')",23.14687,1.083126041,23.36349521
631,"('Jillian Dempsey', 'Leila Kilduff', 'Kristen Barbara', 'Shiann Darkangelo', 'Taylor Woods')",21.85238,0.790025391,22.01038508
632,"('Jillian Dempsey', 'Leila Kilduff', 'Lindsay Eastwood', 'Mikyla Grant-Mentis', 'Shiann Darkangelo')",24.980825,1.270472371,25.23491947
633,"('Jillian Dempsey', 'Leila Kilduff', 'Lindsay Eastwood', 'Sarah-Eve Coutu Godbout', 'Taylor Woods')",23.166225,1.227782605,23.41178152
634,"('Jillian Dempsey', 'Leila Kilduff', 'Lindsay Eastwood', 'Shiann Darkangelo', 'Taylor Woods')",24.34743,1.398739316,24.62717786
635,"('Jillian Dempsey', 'Leila Kilduff', 'Megan Quinn', 'Shiann Darkangelo', 'Taylor Woods')",23.21717,1.061214064,23.42941281
636,"('Jillian Dempsey', 'Leila Kilduff', 'Sarah Steele', 'Shiann Darkangelo', 'Taylor Woods')",23.25655,1.350630064,23.52667601
637,"('Jillian Dempsey', 'Audra Richards', 'Brooke White', 'Lindsay Eastwood', 'Taylor Woods')",20.38608,0.634318182,20.51294364
638,"('Jillian Dempsey', 'Brooke White', 'Lindsay Eastwood', 'Mikyla Grant-Mentis', 'Taylor Woods')",23.01683,1.527627536,23.32235551
639,"('Lexie Laing', 'Mallory Souliotis', 'McKenna Brand', 'Leila Kilduff', 'Shiann Darkangelo')",23.98793,0.94325862,24.17658172
640,"('Lexie Laing', 'Mallory Souliotis', 'Leila Kilduff', 'Shiann Darkangelo', 'Taylor Woods')",23.845055,0.727830225,23.99062105
641,"('Mallory Souliotis', 'McKenna Brand', 'Samantha Davis', 'Brooke White', 'Shiann Darkangelo')",23.198995,1.060203064,23.41103561
642,"('Mallory Souliotis', 'McKenna Brand', 'Tereza Vanisova', 'Leila Kilduff', 'Shiann Darkangelo')",24.542255,1.05785458,24.75382592
643,"('Mallory Souliotis', 'McKenna Brand', 'Tori Sullivan', 'Leila Kilduff', 'Shiann Darkangelo')",23.191775,0.845358187,23.36084664
644,"('Mallory Souliotis', 'McKenna Brand', 'Autumn MacDougall', 'Brooke White', 'Shiann Darkangelo')",22.100065,0.389777379,22.17802048
645,"('Mallory Souliotis', 'McKenna Brand', 'Jordan Juron', 'Leila Kilduff', 'Shiann Darkangelo')",24.38861,0.389777379,24.46656548
646,"('Mallory Souliotis', 'McKenna Brand', 'Cailey Hutchison', 'Brooke White', 'Shiann Darkangelo')",20.966955,0.389777379,21.04491048
647,"('Mallory Souliotis', 'McKenna Brand', 'Leila Kilduff', 'Meghan Lorence', 'Shiann Darkangelo')",24.017455,0.389777379,24.09541048
648,"('Mallory Souliotis', 'McKenna Brand', 'Leila Kilduff', 'Sara Bustad', 'Shiann Darkangelo')",22.525725,0.389777379,22.60368048
649,"('Mallory Souliotis', 'McKenna Brand', 'Leila Kilduff', 'Sarah-Eve Coutu Godbout', 'Shiann Darkangelo')",24.30001,0.401002127,24.38021043
650,"('Mallory Souliotis', 'McKenna Brand', 'Audra Richards', 'Brooke White', 'Shiann Darkangelo')",21.519865,0.504815258,21.62082805
651,"('Mallory Souliotis', 'McKenna Brand', 'Brooke White', 'Mikyla Grant-Mentis', 'Shiann Darkangelo')",24.150615,0.812275894,24.31307018
652,"('Mallory Souliotis', 'McKenna Brand', 'Brooke White', 'Shiann Darkangelo', 'Taylor Woods')",23.51722,0.843251544,23.68587031
653,"('Mallory Souliotis', 'Samantha Davis', 'Tereza Vanisova', 'Leila Kilduff', 'Shiann Darkangelo')",24.081155,1.424137807,24.36598256
654,"('Mallory Souliotis', 'Samantha Davis', 'Brooke White', 'Shiann Darkangelo', 'Taylor Woods')",23.05612,0.853773588,23.22687472
655,"('Mallory Souliotis', 'Tereza Vanisova', 'Autumn MacDougall', 'Leila Kilduff', 'Shiann Darkangelo')",22.982225,0.382247475,23.05867449
656,"('Mallory Souliotis', 'Tereza Vanisova', 'Cailey Hutchison', 'Leila Kilduff', 'Shiann Darkangelo')",21.849115,0.699835859,21.98908217
657,"('Mallory Souliotis', 'Tereza Vanisova', 'Leila Kilduff', 'Audra Richards', 'Shiann Darkangelo')",22.402025,0.382247475,22.47847449
658,"('Mallory Souliotis', 'Tereza Vanisova', 'Leila Kilduff', 'Mikyla Grant-Mentis', 'Shiann Darkangelo')",25.032775,0.804745989,25.1937242
659,"('Mallory Souliotis', 'Tereza Vanisova', 'Leila Kilduff', 'Shiann Darkangelo', 'Taylor Woods')",24.39938,0.835721639,24.56652433
660,"('Mallory Souliotis', 'Tori Sullivan', 'Leila Kilduff', 'Shiann Darkangelo', 'Taylor Woods')",23.0489,0.909054973,23.23071099
661,"('Mallory Souliotis', 'Autumn MacDougall', 'Brooke White', 'Shiann Darkangelo', 'Taylor Woods')",21.95719,0.453474165,22.04788483
662,"('Mallory Souliotis', 'Jordan Juron', 'Leila Kilduff', 'Shiann Darkangelo', 'Taylor Woods')",24.245735,0.453474165,24.33642983
663,"('Mallory Souliotis', 'Cailey Hutchison', 'Brooke White', 'Shiann Darkangelo', 'Taylor Woods')",20.82408,0.453474165,20.91477483
664,"('Mallory Souliotis', 'Leila Kilduff', 'Meghan Lorence', 'Shiann Darkangelo', 'Taylor Woods')",23.87458,0.453474165,23.96527483
665,"('Mallory Souliotis', 'Leila Kilduff', 'Sara Bustad', 'Shiann Darkangelo', 'Taylor Woods')",22.38285,0.453474165,22.47354483
666,"('Mallory Souliotis', 'Leila Kilduff', 'Sarah-Eve Coutu Godbout', 'Shiann Darkangelo', 'Taylor Woods')",24.157135,0.884225427,24.33398009
667,"('Mallory Souliotis', 'Audra Richards', 'Brooke White', 'Shiann Darkangelo', 'Taylor Woods')",21.37699,0.568512044,21.49069241
668,"('Mallory Souliotis', 'Brooke White', 'Mikyla Grant-Mentis', 'Shiann Darkangelo', 'Taylor Woods')",24.00774,1.462330904,24.30020618
669,"('McKenna Brand', 'Samantha Davis', 'Leila Kilduff', 'Brooke White', 'Shiann Darkangelo')",21.413975,0.270126263,21.46800025
670,"('McKenna Brand', 'Autumn MacDougall', 'Leila Kilduff', 'Brooke White', 'Shiann Darkangelo')",20.315045,0,20.315045
671,"('McKenna Brand', 'Cailey Hutchison', 'Leila Kilduff', 'Brooke White', 'Shiann Darkangelo')",19.181935,0.317588384,19.24545268
672,"('McKenna Brand', 'Leila Kilduff', 'Audra Richards', 'Brooke White', 'Shiann Darkangelo')",19.734845,0.115037879,19.75785258
673,"('McKenna Brand', 'Leila Kilduff', 'Brooke White', 'Mikyla Grant-Mentis', 'Shiann Darkangelo')",22.365595,0.422498515,22.4500947
674,"('McKenna Brand', 'Leila Kilduff', 'Brooke White', 'Shiann Darkangelo', 'Taylor Woods')",21.7322,0.453474165,21.82289483
675,"('Samantha Davis', 'Leila Kilduff', 'Brooke White', 'Shiann Darkangelo', 'Taylor Woods')",21.2711,0.453474165,21.36179483
676,"('Autumn MacDougall', 'Leila Kilduff', 'Brooke White', 'Shiann Darkangelo', 'Taylor Woods')",20.17217,0.453474165,20.26286483
677,"('Cailey Hutchison', 'Leila Kilduff', 'Brooke White', 'Shiann Darkangelo', 'Taylor Woods')",19.03906,0.771062549,19.19327251
678,"('Leila Kilduff', 'Audra Richards', 'Brooke White', 'Shiann Darkangelo', 'Taylor Woods')",19.59197,0.568512044,19.70567241
679,"('Leila Kilduff', 'Brooke White', 'Mikyla Grant-Mentis', 'Shiann Darkangelo', 'Taylor Woods')",22.22272,1.462330904,22.51518618
